ax,ay,az,gx,gy,gz,label
-4.0,-252.0,-10.0,-61.0,22.0,-9.0,0
-3.0,-250.0,-8.0,-61.0,23.0,-9.0,0
-7.0,-253.0,-9.0,-62.0,22.0,-10.0,0
-6.0,-254.0,-9.0,-59.0,22.0,-10.0,0
-4.0,-254.0,-10.0,-57.0,22.0,-11.0,0
-4.0,-255.0,-12.0,-52.0,23.0,-10.0,0
-3.0,-251.0,-12.0,-47.0,24.0,-9.0,0
-2.0,-254.0,-11.0,-40.0,25.0,-9.0,0
-2.0,-253.0,-10.0,-36.0,26.0,-11.0,0
-4.0,-251.0,-11.0,-32.0,28.0,-11.0,0
-2.0,-252.0,-10.0,-33.0,28.0,-10.0,0
-2.0,-252.0,-9.0,-30.0,28.0,-9.0,0
-3.0,-252.0,-9.0,-30.0,27.0,-9.0,0
-6.0,-249.0,-10.0,-30.0,27.0,-9.0,0
-3.0,-255.0,-3.0,-31.0,26.0,-10.0,0
1.0,-245.0,-9.0,-33.0,26.0,-8.0,0
-7.0,-251.0,-12.0,-38.0,25.0,-8.0,0
-5.0,-250.0,-7.0,-45.0,22.0,-8.0,0
-7.0,-253.0,-9.0,-49.0,19.0,-6.0,0
-8.0,-251.0,-9.0,-53.0,15.0,-4.0,0
-8.0,-254.0,-5.0,-57.0,11.0,-3.0,0
-6.0,-253.0,-6.0,-60.0,6.0,0.0,0
-6.0,-251.0,-7.0,-59.0,3.0,1.0,0
-6.0,-251.0,-4.0,-58.0,1.0,2.0,0
-4.0,-253.0,-8.0,-56.0,-1.0,4.0,0
-2.0,-260.0,-7.0,-53.0,-1.0,5.0,0
-4.0,-254.0,-10.0,-52.0,-2.0,6.0,0
-1.0,-254.0,-11.0,-49.0,-2.0,5.0,0
-4.0,-251.0,-11.0,-50.0,-1.0,5.0,0
-3.0,-251.0,-8.0,-47.0,1.0,3.0,0
-4.0,-252.0,-6.0,-49.0,2.0,4.0,0
-5.0,-251.0,-8.0,-48.0,5.0,4.0,0
-5.0,-251.0,-7.0,-45.0,6.0,2.0,0
-4.0,-252.0,-10.0,-43.0,6.0,1.0,0
-6.0,-252.0,-8.0,-41.0,4.0,0.0,0
-4.0,-249.0,-8.0,-40.0,3.0,2.0,0
-6.0,-252.0,-6.0,-37.0,0.0,1.0,0
-5.0,-252.0,-7.0,-39.0,-2.0,4.0,0
-2.0,-255.0,-6.0,-40.0,-4.0,4.0,0
-4.0,-255.0,-5.0,-41.0,-5.0,2.0,0
-2.0,-253.0,-8.0,-42.0,-6.0,4.0,0
-5.0,-255.0,-5.0,-43.0,-6.0,4.0,0
-2.0,-255.0,-11.0,-43.0,-7.0,4.0,0
-6.0,-253.0,-10.0,-43.0,-8.0,5.0,0
-4.0,-255.0,-11.0,-42.0,-6.0,5.0,0
-3.0,-253.0,-7.0,-43.0,-5.0,4.0,0
-5.0,-252.0,-8.0,-43.0,-3.0,4.0,0
0.0,-252.0,-10.0,-42.0,0.0,3.0,0
-1.0,-251.0,-10.0,-40.0,3.0,3.0,0
-2.0,-252.0,-11.0,-36.0,6.0,3.0,0
-4.0,-255.0,-11.0,-32.0,8.0,4.0,0
-5.0,-251.0,-9.0,-26.0,9.0,1.0,0
-3.0,-251.0,-9.0,-21.0,9.0,1.0,0
-3.0,-255.0,-5.0,-15.0,10.0,2.0,0
-5.0,-253.0,-7.0,-7.0,9.0,2.0,0
-2.0,-255.0,-7.0,-2.0,7.0,2.0,0
-2.0,-255.0,-10.0,1.0,7.0,2.0,0
-4.0,-254.0,-10.0,5.0,6.0,6.0,0
-2.0,-256.0,-7.0,7.0,5.0,6.0,0
-2.0,-254.0,-7.0,9.0,3.0,6.0,0
-3.0,-253.0,-10.0,11.0,4.0,5.0,0
-4.0,-254.0,-8.0,14.0,4.0,5.0,0
-3.0,-257.0,-8.0,15.0,5.0,5.0,0
-5.0,-254.0,-9.0,18.0,6.0,4.0,0
-4.0,-252.0,-7.0,19.0,7.0,7.0,0
-3.0,-254.0,-8.0,19.0,7.0,5.0,0
-3.0,-252.0,-11.0,21.0,9.0,5.0,0
-3.0,-250.0,-5.0,22.0,12.0,5.0,0
-5.0,-250.0,-8.0,20.0,14.0,4.0,0
-4.0,-256.0,-8.0,18.0,17.0,3.0,0
-2.0,-250.0,-9.0,16.0,19.0,1.0,0
-3.0,-253.0,-7.0,14.0,19.0,1.0,0
-6.0,-251.0,-8.0,11.0,22.0,1.0,0
-4.0,-247.0,-5.0,9.0,21.0,0.0,0
-4.0,-250.0,-7.0,8.0,22.0,0.0,0
-4.0,-252.0,-8.0,8.0,21.0,-2.0,0
-5.0,-253.0,-4.0,9.0,21.0,-2.0,0
-4.0,-250.0,-7.0,10.0,23.0,-3.0,0
-3.0,-252.0,-3.0,11.0,21.0,-3.0,0
-6.0,-252.0,-8.0,12.0,22.0,-2.0,0
0.0,-256.0,-3.0,13.0,23.0,-3.0,0
-5.0,-249.0,-8.0,11.0,22.0,-3.0,0
-3.0,-253.0,-4.0,9.0,24.0,-2.0,0
-5.0,-253.0,-4.0,8.0,26.0,0.0,0
-3.0,-253.0,-8.0,7.0,26.0,0.0,0
-3.0,-253.0,-9.0,7.0,25.0,0.0,0
-4.0,-252.0,-10.0,8.0,24.0,0.0,0
-3.0,-253.0,-10.0,10.0,23.0,0.0,0
-5.0,-252.0,-10.0,11.0,23.0,2.0,0
-5.0,-250.0,-10.0,11.0,24.0,-1.0,0
-4.0,-252.0,-6.0,12.0,26.0,-1.0,0
-8.0,-251.0,-8.0,12.0,27.0,0.0,0
-4.0,-249.0,-12.0,10.0,27.0,-2.0,0
-5.0,-251.0,-7.0,8.0,27.0,0.0,0
-2.0,-253.0,-6.0,4.0,25.0,-1.0,0
-8.0,-250.0,-5.0,3.0,22.0,-2.0,0
-5.0,-249.0,-8.0,3.0,20.0,-1.0,0
-7.0,-252.0,-3.0,3.0,17.0,0.0,0
-8.0,-249.0,-7.0,4.0,17.0,0.0,0
-4.0,-253.0,-4.0,6.0,19.0,0.0,0
-7.0,-248.0,-6.0,6.0,21.0,0.0,0
-6.0,-249.0,-4.0,6.0,22.0,1.0,0
-5.0,-250.0,-5.0,6.0,22.0,-1.0,0
-4.0,-249.0,-7.0,7.0,21.0,-1.0,0
-6.0,-247.0,-2.0,11.0,20.0,-1.0,0
-4.0,-246.0,-4.0,12.0,18.0,0.0,0
-4.0,-247.0,-4.0,11.0,16.0,1.0,0
-5.0,-247.0,-9.0,5.0,17.0,2.0,0
-5.0,-246.0,1.0,-5.0,14.0,4.0,0
-6.0,-247.0,-1.0,-15.0,11.0,2.0,0
-10.0,-246.0,-3.0,-27.0,7.0,2.0,0
-7.0,-247.0,0.0,-39.0,5.0,3.0,0
-8.0,-248.0,8.0,-54.0,3.0,3.0,0
-8.0,-254.0,2.0,-64.0,2.0,4.0,0
-3.0,-249.0,-2.0,-76.0,1.0,4.0,0
-6.0,-249.0,1.0,-81.0,-1.0,6.0,0
-5.0,-249.0,1.0,-87.0,-3.0,6.0,0
-5.0,-250.0,-4.0,-90.0,-5.0,6.0,0
-7.0,-249.0,-2.0,-92.0,-5.0,5.0,0
-7.0,-250.0,0.0,-89.0,-8.0,4.0,0
-6.0,-251.0,-2.0,-88.0,-9.0,3.0,0
-7.0,-250.0,-1.0,-86.0,-9.0,4.0,0
-6.0,-252.0,-3.0,-83.0,-8.0,2.0,0
-7.0,-250.0,-7.0,-81.0,-7.0,1.0,0
0.0,-255.0,1.0,-79.0,-7.0,2.0,0
-5.0,-252.0,-2.0,-75.0,-6.0,2.0,0
-4.0,-253.0,-1.0,-72.0,-5.0,1.0,0
-6.0,-251.0,0.0,-72.0,-7.0,1.0,0
-4.0,-251.0,0.0,-69.0,-7.0,1.0,0
-5.0,-253.0,0.0,-69.0,-11.0,1.0,0
-8.0,-250.0,-7.0,-69.0,-15.0,3.0,0
-5.0,-253.0,-7.0,-69.0,-19.0,3.0,0
-7.0,-251.0,0.0,-68.0,-21.0,5.0,0
-8.0,-252.0,-5.0,-67.0,-24.0,6.0,0
-9.0,-251.0,0.0,-64.0,-24.0,7.0,0
-2.0,-252.0,-1.0,-60.0,-25.0,5.0,0
-4.0,-253.0,-7.0,-58.0,-25.0,7.0,0
-5.0,-253.0,-5.0,-55.0,-26.0,7.0,0
-1.0,-252.0,-4.0,-52.0,-24.0,7.0,0
-4.0,-249.0,-7.0,-52.0,-24.0,6.0,0
-4.0,-249.0,-3.0,-52.0,-23.0,6.0,0
-4.0,-251.0,-6.0,-53.0,-24.0,6.0,0
-6.0,-251.0,-6.0,-56.0,-24.0,6.0,0
-4.0,-250.0,-4.0,-58.0,-23.0,5.0,0
-6.0,-249.0,-1.0,-60.0,-22.0,5.0,0
-9.0,-248.0,-8.0,-61.0,-21.0,4.0,0
-6.0,-248.0,-1.0,-59.0,-21.0,3.0,0
-3.0,-248.0,3.0,-57.0,-20.0,2.0,0
-5.0,-249.0,-4.0,-56.0,-21.0,2.0,0
-4.0,-249.0,-2.0,-56.0,-20.0,2.0,0
-6.0,-248.0,4.0,-58.0,-21.0,2.0,0
-7.0,-249.0,2.0,-60.0,-23.0,1.0,0
-4.0,-249.0,-3.0,-62.0,-24.0,1.0,0
-4.0,-250.0,0.0,-67.0,-26.0,1.0,0
-5.0,-249.0,-1.0,-71.0,-25.0,2.0,0
-5.0,-250.0,4.0,-76.0,-25.0,1.0,0
-5.0,-250.0,-4.0,-79.0,-24.0,1.0,0
-6.0,-249.0,-1.0,-82.0,-22.0,1.0,0
-6.0,-251.0,-1.0,-85.0,-22.0,1.0,0
-6.0,-248.0,-1.0,-83.0,-20.0,0.0,0
-3.0,-254.0,0.0,-86.0,-18.0,-1.0,0
-9.0,-250.0,0.0,-83.0,-17.0,-1.0,0
-3.0,-251.0,-3.0,-83.0,-13.0,-2.0,0
-2.0,-254.0,1.0,-84.0,-11.0,-3.0,0
-4.0,-253.0,-4.0,-81.0,-10.0,-3.0,0
-4.0,-253.0,-2.0,-78.0,-6.0,-3.0,0
-2.0,-253.0,-2.0,-75.0,-6.0,-4.0,0
-6.0,-251.0,1.0,-71.0,-4.0,-4.0,0
-4.0,-253.0,-7.0,-67.0,-1.0,-3.0,0
-6.0,-254.0,-3.0,-63.0,0.0,-2.0,0
-3.0,-255.0,-3.0,-57.0,1.0,-5.0,0
-3.0,-254.0,-5.0,-52.0,1.0,-4.0,0
-4.0,-258.0,-7.0,-49.0,2.0,-3.0,0
-2.0,-257.0,-3.0,-47.0,2.0,-3.0,0
-1.0,-256.0,-6.0,-46.0,3.0,-2.0,0
-3.0,-257.0,-7.0,-45.0,3.0,-2.0,0
-1.0,-254.0,-9.0,-41.0,5.0,-3.0,0
-2.0,-257.0,-6.0,-33.0,5.0,-3.0,0
-2.0,-259.0,-4.0,-26.0,6.0,-3.0,0
-3.0,-252.0,-6.0,-19.0,7.0,-3.0,0
0.0,-255.0,-4.0,-12.0,10.0,-2.0,0
-4.0,-254.0,-6.0,-10.0,11.0,-2.0,0
-3.0,-256.0,-7.0,-7.0,15.0,-3.0,0
-3.0,-255.0,-6.0,-6.0,17.0,-4.0,0
-5.0,-256.0,-3.0,-6.0,20.0,-3.0,0
-4.0,-259.0,-3.0,-5.0,22.0,-2.0,0
-7.0,-255.0,-3.0,-4.0,23.0,-3.0,0
-2.0,-255.0,-4.0,-2.0,25.0,-5.0,0
-4.0,-256.0,-5.0,5.0,26.0,-6.0,0
-7.0,-249.0,-5.0,12.0,25.0,-5.0,0
-4.0,-251.0,-5.0,19.0,25.0,-7.0,0
-4.0,-249.0,-5.0,23.0,27.0,-8.0,0
-5.0,-250.0,-5.0,25.0,30.0,-9.0,0
-4.0,-251.0,-5.0,28.0,29.0,-10.0,0
-3.0,-249.0,-6.0,26.0,30.0,-11.0,0
-3.0,-252.0,-4.0,26.0,29.0,-11.0,0
-5.0,-248.0,-5.0,25.0,30.0,-12.0,0
-5.0,-251.0,-4.0,25.0,31.0,-11.0,0
-4.0,-248.0,-7.0,24.0,32.0,-11.0,0
-8.0,-247.0,3.0,22.0,33.0,-12.0,0
-10.0,-248.0,1.0,18.0,34.0,-10.0,0
-4.0,-248.0,-2.0,11.0,35.0,-11.0,0
-6.0,-250.0,1.0,8.0,34.0,-11.0,0
-10.0,-250.0,4.0,4.0,33.0,-11.0,0
-8.0,-250.0,2.0,3.0,31.0,-8.0,0
-7.0,-252.0,1.0,3.0,29.0,-8.0,0
-4.0,-250.0,2.0,1.0,26.0,-7.0,0
-7.0,-249.0,1.0,-2.0,26.0,-8.0,0
-7.0,-252.0,-3.0,-6.0,22.0,-6.0,0
-8.0,-252.0,-1.0,-9.0,19.0,-5.0,0
-9.0,-249.0,-2.0,-11.0,18.0,-5.0,0
-4.0,-249.0,-2.0,-13.0,17.0,-3.0,0
-5.0,-254.0,-1.0,-13.0,16.0,-4.0,0
-8.0,-250.0,-3.0,-11.0,16.0,-3.0,0
-6.0,-252.0,-7.0,-7.0,17.0,-3.0,0
-6.0,-255.0,-4.0,-9.0,18.0,-3.0,0
-5.0,-253.0,-1.0,-6.0,19.0,-5.0,0
-4.0,-253.0,-4.0,-3.0,19.0,-4.0,0
-7.0,-254.0,0.0,1.0,21.0,-6.0,0
-8.0,-253.0,0.0,4.0,20.0,-6.0,0
-8.0,-250.0,-2.0,9.0,17.0,-5.0,0
-5.0,-253.0,-5.0,13.0,14.0,-6.0,0
-7.0,-251.0,-5.0,16.0,11.0,-5.0,0
-8.0,-253.0,-2.0,19.0,9.0,-6.0,0
-8.0,-251.0,-2.0,20.0,8.0,-6.0,0
-4.0,-254.0,-3.0,23.0,6.0,-5.0,0
-6.0,-255.0,-1.0,26.0,5.0,-5.0,0
-6.0,-253.0,-3.0,29.0,3.0,-5.0,0
-6.0,-254.0,-6.0,33.0,2.0,-5.0,0
-7.0,-251.0,-1.0,37.0,0.0,-5.0,0
-5.0,-251.0,-4.0,42.0,0.0,-2.0,0
-6.0,-250.0,-2.0,44.0,-1.0,-2.0,0
-7.0,-247.0,-2.0,46.0,-3.0,-3.0,0
-6.0,-249.0,-3.0,46.0,-3.0,-2.0,0
-8.0,-250.0,-5.0,44.0,-4.0,-1.0,0
-7.0,-249.0,-9.0,44.0,-6.0,0.0,0
-7.0,-252.0,-5.0,41.0,-5.0,0.0,0
-6.0,-249.0,-4.0,38.0,-5.0,-1.0,0
-7.0,-250.0,0.0,31.0,-5.0,0.0,0
-6.0,-251.0,0.0,24.0,-6.0,-1.0,0
-5.0,-249.0,-1.0,18.0,-5.0,1.0,0
-2.0,-249.0,2.0,11.0,-5.0,1.0,0
-4.0,-250.0,2.0,7.0,-5.0,2.0,0
-9.0,-244.0,5.0,7.0,-7.0,3.0,0
-6.0,-246.0,6.0,6.0,-8.0,4.0,0
-1.0,-249.0,4.0,4.0,-8.0,4.0,0
-4.0,-248.0,1.0,2.0,-11.0,5.0,0
-7.0,-247.0,7.0,-2.0,-11.0,5.0,0
-7.0,-244.0,7.0,-8.0,-11.0,5.0,0
-5.0,-246.0,7.0,-14.0,-12.0,5.0,0
-5.0,-243.0,5.0,-19.0,-13.0,6.0,0
-6.0,-244.0,3.0,-27.0,-15.0,6.0,0
-5.0,-243.0,2.0,-36.0,-15.0,6.0,0
-6.0,-242.0,4.0,-45.0,-15.0,5.0,0
-4.0,-250.0,9.0,-55.0,-17.0,4.0,0
-4.0,-243.0,7.0,-64.0,-17.0,4.0,0
-7.0,-243.0,6.0,-73.0,-17.0,3.0,0
-3.0,-248.0,6.0,-78.0,-17.0,4.0,0
-5.0,-247.0,7.0,-86.0,-18.0,2.0,0
-7.0,-246.0,2.0,-90.0,-16.0,2.0,0
-8.0,-246.0,6.0,-92.0,-17.0,1.0,0
-6.0,-247.0,1.0,-90.0,-18.0,1.0,0
-3.0,-247.0,8.0,-90.0,-18.0,2.0,0
-5.0,-248.0,4.0,-94.0,-18.0,0.0,0
-5.0,-249.0,4.0,-97.0,-18.0,-1.0,0
-3.0,-250.0,2.0,-99.0,-17.0,1.0,0
-6.0,-248.0,0.0,-102.0,-17.0,-3.0,0
-6.0,-250.0,7.0,-103.0,-16.0,-2.0,0
-4.0,-250.0,5.0,-103.0,-16.0,-2.0,0
-6.0,-251.0,-3.0,-101.0,-14.0,-3.0,0
-3.0,-253.0,0.0,-99.0,-16.0,-3.0,0
-4.0,-255.0,2.0,-96.0,-15.0,-3.0,0
-3.0,-255.0,4.0,-91.0,-14.0,-2.0,0
-4.0,-255.0,1.0,-84.0,-14.0,-2.0,0
-3.0,-256.0,2.0,-79.0,-11.0,-2.0,0
-4.0,-255.0,2.0,-73.0,-11.0,0.0,0
-4.0,-256.0,8.0,-69.0,-8.0,0.0,0
-4.0,-257.0,6.0,-66.0,-8.0,0.0,0
-3.0,-253.0,0.0,-62.0,-6.0,-1.0,0
-3.0,-253.0,-1.0,-62.0,-4.0,-2.0,0
-3.0,-257.0,1.0,-61.0,-2.0,0.0,0
-4.0,-254.0,7.0,-58.0,-1.0,1.0,0
-2.0,-251.0,-1.0,-55.0,0.0,0.0,0
-1.0,-252.0,1.0,-53.0,2.0,1.0,0
-2.0,-254.0,1.0,-51.0,3.0,1.0,0
0.0,-252.0,0.0,-46.0,4.0,1.0,0
-1.0,-252.0,-1.0,-41.0,5.0,2.0,0
-5.0,-251.0,0.0,-34.0,5.0,2.0,0
-3.0,-250.0,1.0,-31.0,6.0,2.0,0
-3.0,-249.0,4.0,-29.0,9.0,2.0,0
-4.0,-251.0,4.0,-31.0,10.0,1.0,0
-4.0,-249.0,7.0,-35.0,12.0,1.0,0
-1.0,-250.0,6.0,-43.0,14.0,0.0,0
-4.0,-249.0,0.0,-50.0,16.0,-2.0,0
-3.0,-248.0,8.0,-56.0,17.0,0.0,0
-4.0,-247.0,3.0,-62.0,19.0,0.0,0
-5.0,-248.0,8.0,-66.0,22.0,-2.0,0
-3.0,-248.0,1.0,-68.0,23.0,-3.0,0
-3.0,-245.0,-1.0,-71.0,24.0,-4.0,0
-5.0,-248.0,3.0,-72.0,23.0,-3.0,0
-5.0,-249.0,1.0,-71.0,21.0,-3.0,0
-4.0,-250.0,3.0,-71.0,21.0,-2.0,0
-6.0,-251.0,1.0,-72.0,21.0,-2.0,0
-7.0,-250.0,1.0,-69.0,18.0,-2.0,0
-6.0,-249.0,1.0,-70.0,16.0,0.0,0
-6.0,-251.0,2.0,-67.0,15.0,1.0,0
-6.0,-251.0,5.0,-67.0,14.0,1.0,0
-7.0,-253.0,6.0,-64.0,13.0,2.0,0
-8.0,-254.0,6.0,-63.0,12.0,1.0,0
-10.0,-256.0,7.0,-61.0,10.0,1.0,0
-6.0,-251.0,1.0,-59.0,8.0,2.0,0
-5.0,-247.0,2.0,-57.0,8.0,2.0,0
-6.0,-248.0,-1.0,-56.0,8.0,0.0,0
-5.0,-248.0,4.0,-58.0,10.0,-2.0,0
-5.0,-250.0,1.0,-59.0,12.0,-5.0,0
-6.0,-249.0,-1.0,-61.0,13.0,-4.0,0
-6.0,-248.0,-2.0,-65.0,16.0,-7.0,0
-7.0,-248.0,-4.0,-66.0,18.0,-8.0,0
-2.0,-248.0,-1.0,-71.0,20.0,-12.0,0
2.0,-247.0,-8.0,-74.0,20.0,-13.0,0
-2.0,-249.0,-2.0,-79.0,21.0,-14.0,0
-3.0,-249.0,-2.0,-81.0,21.0,-14.0,0
-2.0,-249.0,3.0,-81.0,20.0,-15.0,0
0.0,-251.0,2.0,-80.0,19.0,-18.0,0
-2.0,-252.0,0.0,-80.0,17.0,-17.0,0
-3.0,-251.0,2.0,-79.0,17.0,-17.0,0
-4.0,-250.0,3.0,-79.0,16.0,-17.0,0
-1.0,-252.0,-5.0,-80.0,16.0,-17.0,0
-2.0,-253.0,4.0,-80.0,14.0,-15.0,0
-3.0,-252.0,0.0,-80.0,13.0,-15.0,0
-1.0,-258.0,6.0,-82.0,12.0,-14.0,0
-6.0,-251.0,-2.0,-83.0,10.0,-12.0,0
-5.0,-255.0,-1.0,-82.0,9.0,-12.0,0
-3.0,-254.0,-1.0,-81.0,10.0,-10.0,0
2.0,-256.0,-5.0,-78.0,9.0,-9.0,0
-4.0,-251.0,-5.0,-75.0,9.0,-9.0,0
-3.0,-253.0,-7.0,-72.0,11.0,-5.0,0
-5.0,-252.0,-5.0,-67.0,13.0,-5.0,0
-4.0,-253.0,-1.0,-65.0,14.0,-5.0,0
-2.0,-253.0,-2.0,-63.0,17.0,-6.0,0
-1.0,-251.0,-8.0,-63.0,20.0,-8.0,0
-2.0,-251.0,-5.0,-63.0,22.0,-8.0,0
-8.0,-256.0,-6.0,-64.0,24.0,-8.0,0
-2.0,-254.0,-4.0,-67.0,27.0,-12.0,0
-2.0,-251.0,-7.0,-68.0,30.0,-11.0,0
-6.0,-249.0,-3.0,-69.0,30.0,-13.0,0
-2.0,-251.0,-4.0,-68.0,31.0,-15.0,0
-2.0,-256.0,-3.0,-68.0,31.0,-15.0,0
-4.0,-250.0,1.0,-67.0,31.0,-14.0,0
-2.0,-250.0,-3.0,-67.0,30.0,-16.0,0
-3.0,-251.0,-6.0,-67.0,30.0,-15.0,0
-5.0,-253.0,-5.0,-65.0,33.0,-16.0,0
-4.0,-251.0,0.0,-64.0,33.0,-16.0,0
-4.0,-252.0,-1.0,-62.0,33.0,-16.0,0
-4.0,-252.0,1.0,-60.0,34.0,-16.0,0
-4.0,-253.0,-1.0,-58.0,34.0,-15.0,0
-4.0,-254.0,-8.0,-58.0,34.0,-15.0,0
-2.0,-252.0,-5.0,-57.0,33.0,-14.0,0
-1.0,-251.0,-4.0,-57.0,33.0,-15.0,0
-2.0,-252.0,-3.0,-55.0,33.0,-13.0,0
-2.0,-249.0,-4.0,-51.0,33.0,-14.0,0
-1.0,-251.0,-5.0,-48.0,34.0,-14.0,0
1.0,-250.0,3.0,-46.0,34.0,-14.0,0
-4.0,-248.0,-2.0,-44.0,35.0,-16.0,0
2.0,-245.0,4.0,-45.0,36.0,-15.0,0
-2.0,-251.0,-2.0,-48.0,36.0,-15.0,0
-2.0,-249.0,-4.0,-52.0,35.0,-15.0,0
-3.0,-249.0,-3.0,-57.0,36.0,-15.0,0
-3.0,-249.0,-3.0,-64.0,38.0,-15.0,0
-2.0,-251.0,-3.0,-70.0,38.0,-12.0,0
-1.0,-249.0,-6.0,-78.0,39.0,-12.0,0
-3.0,-249.0,-2.0,-84.0,38.0,-11.0,0
-6.0,-250.0,-5.0,-87.0,38.0,-10.0,0
-4.0,-249.0,-4.0,-88.0,36.0,-9.0,0
-5.0,-250.0,-7.0,-88.0,34.0,-8.0,0
0.0,-250.0,-4.0,-86.0,32.0,-9.0,0
-5.0,-248.0,0.0,-80.0,31.0,-9.0,0
-3.0,-250.0,1.0,-73.0,28.0,-9.0,0
-4.0,-251.0,-2.0,-69.0,28.0,-9.0,0
-7.0,-249.0,-1.0,-65.0,27.0,-7.0,0
-5.0,-249.0,-3.0,-62.0,26.0,-8.0,0
-6.0,-251.0,-3.0,-63.0,27.0,-7.0,0
-5.0,-249.0,-4.0,-65.0,30.0,-8.0,0
-5.0,-250.0,-5.0,-69.0,32.0,-10.0,0
-3.0,-250.0,-8.0,-75.0,32.0,-11.0,0
-3.0,-248.0,-7.0,-83.0,35.0,-13.0,0
2.0,-241.0,-4.0,-92.0,36.0,-12.0,0
-5.0,-251.0,-2.0,-99.0,37.0,-14.0,0
-5.0,-248.0,-3.0,-104.0,38.0,-15.0,0
-4.0,-251.0,-4.0,-107.0,38.0,-15.0,0
-4.0,-251.0,-5.0,-110.0,39.0,-15.0,0
-6.0,-249.0,-2.0,-108.0,39.0,-14.0,0
-3.0,-252.0,-5.0,-105.0,39.0,-15.0,0
-2.0,-250.0,-4.0,-102.0,40.0,-13.0,0
-5.0,-250.0,-4.0,-98.0,39.0,-14.0,0
-3.0,-254.0,1.0,-97.0,38.0,-15.0,0
-2.0,-255.0,-3.0,-96.0,36.0,-15.0,0
-1.0,-254.0,-7.0,-95.0,36.0,-16.0,0
-5.0,-251.0,-3.0,-97.0,35.0,-15.0,0
-2.0,-254.0,-7.0,-99.0,36.0,-15.0,0
-6.0,-251.0,-7.0,-97.0,38.0,-16.0,0
-4.0,-253.0,-5.0,-92.0,38.0,-16.0,0
-2.0,-257.0,-9.0,-90.0,38.0,-16.0,0
-6.0,-251.0,-7.0,-83.0,36.0,-14.0,0
-4.0,-252.0,-7.0,-75.0,35.0,-15.0,0
-3.0,-253.0,-11.0,-69.0,33.0,-15.0,0
-3.0,-253.0,-6.0,-65.0,33.0,-14.0,0
-5.0,-252.0,-9.0,-65.0,33.0,-15.0,0
-6.0,-252.0,-9.0,-68.0,32.0,-15.0,0
-4.0,-249.0,-9.0,-71.0,32.0,-13.0,0
-4.0,-250.0,-9.0,-76.0,31.0,-13.0,0
-8.0,-252.0,-9.0,-77.0,30.0,-11.0,0
-3.0,-252.0,-5.0,-78.0,30.0,-13.0,0
-4.0,-253.0,-8.0,-77.0,29.0,-14.0,0
-6.0,-250.0,-7.0,-73.0,29.0,-13.0,0
-4.0,-251.0,-8.0,-71.0,29.0,-13.0,0
-3.0,-252.0,-4.0,-67.0,29.0,-13.0,0
-5.0,-251.0,-5.0,-65.0,27.0,-14.0,0
-4.0,-251.0,-4.0,-63.0,28.0,-12.0,0
-5.0,-250.0,-5.0,-66.0,29.0,-13.0,0
-5.0,-253.0,-6.0,-65.0,29.0,-12.0,0
-2.0,-252.0,-5.0,-70.0,28.0,-12.0,0
-4.0,-255.0,-7.0,-74.0,29.0,-13.0,0
-6.0,-254.0,-6.0,-79.0,26.0,-11.0,0
-8.0,-254.0,-10.0,-77.0,24.0,-12.0,0
-4.0,-252.0,-8.0,-72.0,21.0,-12.0,0
-2.0,-255.0,-7.0,-64.0,18.0,-11.0,0
-4.0,-252.0,-7.0,-56.0,15.0,-10.0,0
-7.0,-252.0,-7.0,-48.0,15.0,-8.0,0
-10.0,-256.0,-11.0,-41.0,15.0,-8.0,0
-6.0,-250.0,-10.0,-38.0,17.0,-5.0,0
-4.0,-249.0,-7.0,-35.0,18.0,-5.0,0
-5.0,-251.0,-9.0,-35.0,18.0,-6.0,0
-2.0,-249.0,-12.0,-37.0,20.0,-5.0,0
-1.0,-248.0,-5.0,-42.0,21.0,-3.0,0
-5.0,-249.0,-12.0,-48.0,21.0,-3.0,0
-6.0,-248.0,-7.0,-55.0,22.0,-2.0,0
-4.0,-249.0,-6.0,-60.0,22.0,-1.0,0
-2.0,-252.0,-5.0,-67.0,23.0,-2.0,0
-2.0,-251.0,-5.0,-70.0,22.0,-2.0,0
-4.0,-250.0,-8.0,-72.0,20.0,-3.0,0
-2.0,-251.0,-3.0,-73.0,18.0,-3.0,0
-4.0,-250.0,-5.0,-71.0,19.0,-3.0,0
-4.0,-251.0,-4.0,-70.0,21.0,-5.0,0
-5.0,-251.0,-8.0,-68.0,21.0,-6.0,0
-2.0,-253.0,-1.0,-64.0,26.0,-8.0,0
-3.0,-254.0,-4.0,-60.0,25.0,-9.0,0
-5.0,-253.0,-5.0,-57.0,25.0,-8.0,0
-6.0,-253.0,-6.0,-53.0,23.0,-7.0,0
-4.0,-257.0,-9.0,-51.0,21.0,-9.0,0
-7.0,-255.0,-9.0,-47.0,20.0,-7.0,0
-2.0,-254.0,-11.0,-42.0,19.0,-7.0,0
-6.0,-253.0,-10.0,-41.0,16.0,-3.0,0
-3.0,-253.0,-11.0,-35.0,15.0,-1.0,0
-6.0,-255.0,-11.0,-32.0,17.0,-1.0,0
-4.0,-251.0,-13.0,-34.0,16.0,-1.0,0
-4.0,-248.0,-8.0,-38.0,14.0,0.0,0
-4.0,-249.0,-11.0,-47.0,16.0,0.0,0
-5.0,-250.0,-11.0,-56.0,15.0,0.0,0
-2.0,-248.0,-7.0,-66.0,18.0,0.0,0
-3.0,-251.0,-7.0,-76.0,19.0,1.0,0
-1.0,-250.0,-3.0,-82.0,19.0,2.0,0
-1.0,-249.0,-6.0,-89.0,20.0,2.0,0
-4.0,-252.0,-5.0,-92.0,20.0,3.0,0
-3.0,-249.0,-3.0,-88.0,19.0,2.0,0
-2.0,-251.0,-3.0,-81.0,19.0,2.0,0
-2.0,-251.0,-2.0,-74.0,17.0,4.0,0
-2.0,-253.0,-2.0,-66.0,16.0,3.0,0
-2.0,-250.0,-4.0,-62.0,15.0,3.0,0
-2.0,-251.0,-5.0,-59.0,14.0,2.0,0
-6.0,-248.0,-3.0,-59.0,12.0,2.0,0
-3.0,-251.0,-4.0,-62.0,11.0,2.0,0
-4.0,-247.0,-8.0,-65.0,9.0,2.0,0
-3.0,-255.0,-6.0,-69.0,10.0,1.0,0
-5.0,-248.0,-9.0,-71.0,9.0,1.0,0
-3.0,-251.0,-7.0,-76.0,10.0,1.0,0
-4.0,-250.0,-8.0,-80.0,12.0,2.0,0
-3.0,-250.0,-9.0,-84.0,14.0,1.0,0
-4.0,-251.0,-11.0,-90.0,17.0,1.0,0
-3.0,-251.0,-6.0,-95.0,20.0,0.0,0
-2.0,-253.0,-7.0,-97.0,20.0,0.0,0
-4.0,-253.0,-6.0,-98.0,24.0,-1.0,0
-1.0,-252.0,-5.0,-97.0,25.0,-3.0,0
-4.0,-256.0,-3.0,-95.0,27.0,-3.0,0
-2.0,-254.0,-4.0,-89.0,28.0,-4.0,0
-2.0,-255.0,-7.0,-84.0,26.0,-6.0,0
-3.0,-253.0,-6.0,-82.0,26.0,-4.0,0
-2.0,-255.0,-7.0,-77.0,23.0,-5.0,0
-2.0,-256.0,-7.0,-74.0,22.0,-6.0,0
-1.0,-254.0,-6.0,-74.0,22.0,-6.0,0
-3.0,-253.0,-10.0,-72.0,21.0,-6.0,0
-2.0,-252.0,-7.0,-68.0,20.0,-6.0,0
-4.0,-253.0,-9.0,-67.0,18.0,-6.0,0
-3.0,-251.0,-10.0,-65.0,16.0,-7.0,0
-3.0,-254.0,-10.0,-61.0,14.0,-5.0,0
-10.0,-249.0,-18.0,-62.0,11.0,-4.0,0
-2.0,-250.0,-8.0,-65.0,10.0,-3.0,0
-3.0,-251.0,-13.0,-69.0,9.0,-3.0,0
-5.0,-249.0,-4.0,-74.0,8.0,-3.0,0
-7.0,-249.0,-6.0,-81.0,8.0,-1.0,0
-5.0,-250.0,-9.0,-90.0,6.0,-3.0,0
-3.0,-254.0,-5.0,-99.0,5.0,-1.0,0
-3.0,-251.0,-8.0,-104.0,7.0,-2.0,0
-3.0,-252.0,-11.0,-114.0,9.0,-1.0,0
-2.0,-259.0,-8.0,-121.0,10.0,-1.0,0
-3.0,-255.0,-10.0,-129.0,11.0,-1.0,0
-4.0,-255.0,-9.0,-134.0,13.0,-1.0,0
-3.0,-254.0,-12.0,-139.0,13.0,0.0,0
0.0,-259.0,-13.0,-140.0,13.0,-1.0,0
-2.0,-259.0,-14.0,-141.0,17.0,-2.0,0
-2.0,-258.0,-10.0,-141.0,20.0,-2.0,0
-4.0,-256.0,-13.0,-140.0,24.0,-3.0,0
-5.0,-255.0,-14.0,-135.0,28.0,-2.0,0
-3.0,-257.0,-10.0,-135.0,33.0,-3.0,0
-2.0,-254.0,-9.0,-131.0,35.0,-1.0,0
-4.0,-257.0,-9.0,-130.0,38.0,0.0,0
-11.0,-259.0,-8.0,-127.0,38.0,2.0,0
0.0,-259.0,-9.0,-121.0,41.0,5.0,0
-2.0,-259.0,-7.0,-114.0,40.0,7.0,0
-3.0,-256.0,-10.0,-107.0,39.0,8.0,0
0.0,-255.0,-9.0,-103.0,36.0,9.0,0
-3.0,-254.0,-10.0,-100.0,32.0,11.0,0
-4.0,-254.0,-11.0,-101.0,30.0,11.0,0
-4.0,-250.0,-11.0,-103.0,29.0,13.0,0
0.0,-249.0,-13.0,-108.0,32.0,13.0,0
-4.0,-250.0,-9.0,-111.0,37.0,12.0,0
-2.0,-249.0,-8.0,-112.0,43.0,11.0,0
1.0,-250.0,-11.0,-114.0,49.0,11.0,0
-2.0,-253.0,-7.0,-111.0,57.0,8.0,0
-2.0,-252.0,-10.0,-108.0,64.0,7.0,0
0.0,-255.0,-8.0,-100.0,69.0,3.0,0
-2.0,-259.0,-5.0,-90.0,68.0,-3.0,0
-2.0,-254.0,-7.0,-81.0,67.0,-6.0,0
-3.0,-253.0,-10.0,-72.0,63.0,-8.0,0
-1.0,-256.0,-9.0,-63.0,62.0,-10.0,0
-3.0,-256.0,-9.0,-56.0,64.0,-13.0,0
-7.0,-255.0,-13.0,-51.0,67.0,-15.0,0
-5.0,-253.0,-13.0,-45.0,70.0,-16.0,0
-10.0,-253.0,-9.0,-38.0,71.0,-14.0,0
-4.0,-255.0,-12.0,-31.0,69.0,-14.0,0
-6.0,-254.0,-15.0,-24.0,66.0,-14.0,0
-12.0,-252.0,-11.0,-17.0,62.0,-13.0,0
-9.0,-254.0,-14.0,-12.0,58.0,-12.0,0
-9.0,-254.0,-14.0,-5.0,58.0,-11.0,0
-7.0,-254.0,-17.0,-3.0,61.0,-9.0,0
-9.0,-253.0,-19.0,-2.0,64.0,-9.0,0
-9.0,-249.0,-19.0,-4.0,68.0,-8.0,0
-6.0,-252.0,-14.0,-7.0,70.0,-13.0,0
-6.0,-250.0,-21.0,-13.0,70.0,-13.0,0
-8.0,-246.0,-19.0,-19.0,68.0,-14.0,0
-5.0,-248.0,-20.0,-26.0,68.0,-15.0,0
-5.0,-250.0,-28.0,-35.0,69.0,-17.0,0
-5.0,-246.0,-20.0,-45.0,68.0,-19.0,0
-5.0,-248.0,-19.0,-57.0,69.0,-20.0,0
-3.0,-247.0,-23.0,-68.0,68.0,-24.0,0
-3.0,-248.0,-19.0,-79.0,67.0,-26.0,0
-5.0,-247.0,-16.0,-89.0,65.0,-27.0,0
-4.0,-246.0,-19.0,-97.0,62.0,-27.0,0
-2.0,-247.0,-20.0,-97.0,57.0,-26.0,0
-4.0,-243.0,-26.0,-98.0,53.0,-25.0,0
-2.0,-250.0,-16.0,-96.0,50.0,-22.0,0
-4.0,-245.0,-23.0,-94.0,51.0,-19.0,0
-5.0,-243.0,-22.0,-94.0,52.0,-16.0,0
-4.0,-243.0,-24.0,-91.0,56.0,-11.0,0
-4.0,-241.0,-26.0,-88.0,58.0,-7.0,0
-4.0,-238.0,-22.0,-83.0,59.0,0.0,0
-5.0,-237.0,-26.0,-77.0,58.0,6.0,0
-6.0,-234.0,-29.0,-75.0,57.0,12.0,0
-9.0,-231.0,-31.0,-76.0,56.0,19.0,0
-8.0,-232.0,-30.0,-81.0,52.0,24.0,0
-5.0,-231.0,-29.0,-88.0,46.0,29.0,0
-9.0,-229.0,-30.0,-99.0,38.0,31.0,0
-7.0,-228.0,-29.0,-110.0,31.0,33.0,0
-11.0,-224.0,-31.0,-120.0,25.0,37.0,0
-8.0,-225.0,-32.0,-132.0,22.0,36.0,0
-7.0,-225.0,-35.0,-142.0,20.0,35.0,0
-8.0,-220.0,-38.0,-153.0,20.0,32.0,0
-6.0,-216.0,-39.0,-167.0,23.0,28.0,0
-2.0,-212.0,-42.0,-177.0,29.0,23.0,0
-2.0,-206.0,-43.0,-189.0,36.0,15.0,0
-1.0,-204.0,-48.0,-203.0,39.0,9.0,0
1.0,-201.0,-42.0,-214.0,37.0,0.0,0
6.0,-196.0,-33.0,-223.0,32.0,-9.0,0
2.0,-195.0,-37.0,-232.0,22.0,-21.0,0
1.0,-193.0,-28.0,-239.0,6.0,-33.0,0
0.0,-194.0,-21.0,-242.0,-14.0,-45.0,0
-4.0,-197.0,-11.0,-243.0,-38.0,-60.0,0
-4.0,-199.0,-1.0,-233.0,-60.0,-77.0,0
-2.0,-208.0,3.0,-219.0,-74.0,-95.0,0
-7.0,-207.0,9.0,-195.0,-76.0,-113.0,0
-7.0,-219.0,16.0,-160.0,-68.0,-132.0,0
-9.0,-225.0,15.0,-117.0,-52.0,-149.0,0
-5.0,-231.0,16.0,-66.0,-28.0,-163.0,0
-5.0,-239.0,16.0,-6.0,-1.0,-179.0,0
-3.0,-247.0,12.0,49.0,32.0,-193.0,0
1.0,-251.0,8.0,100.0,66.0,-200.0,0
1.0,-249.0,4.0,140.0,100.0,-200.0,0
4.0,-256.0,-2.0,165.0,131.0,-193.0,0
6.0,-258.0,-10.0,171.0,155.0,-178.0,0
8.0,-259.0,-9.0,165.0,167.0,-155.0,0
6.0,-260.0,-13.0,146.0,167.0,-127.0,0
5.0,-263.0,-18.0,118.0,153.0,-95.0,0
6.0,-265.0,-20.0,86.0,127.0,-57.0,0
4.0,-269.0,-24.0,52.0,92.0,-22.0,0
2.0,-277.0,-31.0,19.0,56.0,9.0,0
6.0,-274.0,-30.0,-11.0,22.0,34.0,0
1.0,-272.0,-30.0,-34.0,-2.0,54.0,0
0.0,-274.0,-22.0,-48.0,-17.0,64.0,0
-5.0,-271.0,-22.0,-53.0,-23.0,68.0,0
-11.0,-267.0,-20.0,-47.0,-22.0,68.0,0
-7.0,-261.0,-17.0,-33.0,-13.0,62.0,0
-7.0,-259.0,-16.0,-15.0,2.0,50.0,0
-7.0,-251.0,-9.0,2.0,23.0,35.0,0
-6.0,-244.0,-8.0,11.0,47.0,20.0,0
-4.0,-233.0,-7.0,15.0,69.0,5.0,0
-2.0,-230.0,5.0,14.0,87.0,-8.0,0
0.0,-224.0,4.0,7.0,94.0,-19.0,0
-1.0,-219.0,6.0,4.0,90.0,-26.0,0
4.0,-218.0,7.0,6.0,78.0,-32.0,0
4.0,-213.0,6.0,11.0,62.0,-37.0,0
-2.0,-209.0,0.0,16.0,46.0,-43.0,0
-2.0,-208.0,-3.0,16.0,30.0,-50.0,0
-6.0,-208.0,-10.0,1.0,20.0,-57.0,0
-8.0,-208.0,-12.0,-29.0,14.0,-66.0,0
-13.0,-209.0,-20.0,-67.0,11.0,-76.0,0
-1.0,-211.0,-30.0,-116.0,9.0,-84.0,0
-11.0,-214.0,-29.0,-169.0,12.0,-94.0,0
-9.0,-216.0,-34.0,-224.0,17.0,-103.0,0
-7.0,-218.0,-39.0,-277.0,24.0,-110.0,0
-8.0,-218.0,-37.0,-326.0,34.0,-116.0,0
-5.0,-222.0,-38.0,-362.0,42.0,-114.0,0
-4.0,-224.0,-34.0,-382.0,46.0,-110.0,0
-2.0,-224.0,-32.0,-387.0,43.0,-101.0,0
0.0,-225.0,-24.0,-378.0,35.0,-88.0,0
3.0,-229.0,-21.0,-351.0,22.0,-73.0,0
4.0,-229.0,-15.0,-311.0,6.0,-57.0,0
6.0,-234.0,-9.0,-257.0,-9.0,-43.0,0
4.0,-235.0,-7.0,-197.0,-22.0,-31.0,0
3.0,-242.0,-2.0,-135.0,-31.0,-21.0,0
1.0,-241.0,-4.0,-70.0,-35.0,-16.0,0
3.0,-247.0,-6.0,-11.0,-32.0,-12.0,0
-2.0,-248.0,-9.0,41.0,-23.0,-11.0,0
-2.0,-250.0,-17.0,77.0,-15.0,-9.0,0
0.0,-250.0,-18.0,102.0,-6.0,-12.0,0
-2.0,-247.0,-20.0,111.0,5.0,-15.0,0
4.0,-251.0,-24.0,105.0,15.0,-17.0,0
3.0,-249.0,-30.0,82.0,21.0,-21.0,0
4.0,-244.0,-41.0,47.0,24.0,-21.0,0
7.0,-244.0,-31.0,3.0,25.0,-22.0,0
10.0,-240.0,-28.0,-40.0,21.0,-23.0,0
11.0,-241.0,-23.0,-82.0,9.0,-24.0,0
13.0,-237.0,-21.0,-116.0,-12.0,-24.0,0
12.0,-233.0,-16.0,-136.0,-40.0,-27.0,0
12.0,-238.0,-14.0,-142.0,-72.0,-33.0,0
8.0,-233.0,-12.0,-138.0,-105.0,-36.0,0
6.0,-234.0,-11.0,-124.0,-133.0,-40.0,0
3.0,-234.0,-10.0,-101.0,-154.0,-46.0,0
0.0,-233.0,-10.0,-80.0,-166.0,-52.0,0
0.0,-234.0,-10.0,-60.0,-166.0,-57.0,0
-1.0,-230.0,-15.0,-47.0,-151.0,-60.0,0
-1.0,-233.0,-22.0,-41.0,-127.0,-61.0,0
0.0,-231.0,-25.0,-47.0,-97.0,-60.0,0
3.0,-232.0,-24.0,-67.0,-57.0,-61.0,0
4.0,-234.0,-34.0,-99.0,-15.0,-58.0,0
5.0,-235.0,-30.0,-139.0,25.0,-53.0,0
6.0,-236.0,-29.0,-178.0,56.0,-49.0,0
10.0,-238.0,-32.0,-221.0,73.0,-43.0,0
11.0,-239.0,-28.0,-260.0,74.0,-36.0,0
11.0,-243.0,-24.0,-288.0,56.0,-30.0,0
11.0,-246.0,-20.0,-300.0,24.0,-25.0,0
12.0,-245.0,-17.0,-298.0,-16.0,-19.0,0
10.0,-247.0,-12.0,-282.0,-59.0,-15.0,0
6.0,-247.0,-6.0,-250.0,-101.0,-13.0,0
6.0,-251.0,-7.0,-211.0,-136.0,-11.0,0
6.0,-255.0,-4.0,-167.0,-158.0,-15.0,0
5.0,-253.0,-6.0,-118.0,-165.0,-15.0,0
4.0,-251.0,-6.0,-69.0,-157.0,-21.0,0
0.0,-253.0,-7.0,-21.0,-134.0,-30.0,0
2.0,-255.0,-10.0,25.0,-102.0,-36.0,0
0.0,-254.0,-17.0,64.0,-65.0,-44.0,0
5.0,-254.0,-22.0,86.0,-28.0,-54.0,0
6.0,-256.0,-24.0,95.0,8.0,-60.0,0
6.0,-252.0,-31.0,88.0,36.0,-65.0,0
10.0,-251.0,-39.0,72.0,51.0,-67.0,0
10.0,-252.0,-36.0,45.0,51.0,-69.0,0
8.0,-250.0,-34.0,14.0,34.0,-68.0,0
6.0,-247.0,-36.0,-17.0,-1.0,-63.0,0
8.0,-245.0,-32.0,-48.0,-48.0,-56.0,0
2.0,-241.0,-27.0,-82.0,-102.0,-50.0,0
0.0,-241.0,-20.0,-112.0,-155.0,-46.0,0
3.0,-235.0,-20.0,-131.0,-198.0,-42.0,0
-3.0,-244.0,-17.0,-141.0,-226.0,-38.0,0
-4.0,-246.0,-13.0,-139.0,-237.0,-31.0,0
-6.0,-245.0,-11.0,-128.0,-230.0,-29.0,0
-5.0,-243.0,-9.0,-113.0,-204.0,-27.0,0
-1.0,-246.0,-10.0,-98.0,-169.0,-26.0,0
-3.0,-244.0,-11.0,-82.0,-127.0,-28.0,0
-1.0,-240.0,-17.0,-69.0,-85.0,-32.0,0
-1.0,-242.0,-14.0,-60.0,-46.0,-35.0,0
4.0,-239.0,-22.0,-58.0,-16.0,-39.0,0
8.0,-238.0,-27.0,-65.0,4.0,-42.0,0
10.0,-238.0,-30.0,-78.0,14.0,-43.0,0
10.0,-237.0,-33.0,-93.0,10.0,-42.0,0
11.0,-239.0,-39.0,-113.0,-4.0,-38.0,0
13.0,-236.0,-35.0,-135.0,-30.0,-34.0,0
15.0,-238.0,-37.0,-159.0,-59.0,-30.0,0
11.0,-238.0,-36.0,-182.0,-92.0,-27.0,0
11.0,-239.0,-31.0,-205.0,-122.0,-26.0,0
10.0,-244.0,-23.0,-228.0,-144.0,-26.0,0
6.0,-244.0,-19.0,-243.0,-156.0,-26.0,0
4.0,-248.0,-14.0,-252.0,-156.0,-26.0,0
4.0,-247.0,-9.0,-252.0,-144.0,-24.0,0
-4.0,-256.0,-14.0,-240.0,-123.0,-22.0,0
0.0,-253.0,-7.0,-219.0,-92.0,-20.0,0
6.0,-259.0,-10.0,-189.0,-56.0,-20.0,0
4.0,-265.0,-8.0,-151.0,-20.0,-23.0,0
7.0,-265.0,-17.0,-114.0,14.0,-26.0,0
9.0,-262.0,-13.0,-77.0,46.0,-34.0,0
11.0,-264.0,-23.0,-47.0,69.0,-44.0,0
10.0,-261.0,-25.0,-29.0,81.0,-52.0,0
17.0,-265.0,-33.0,-21.0,84.0,-59.0,0
16.0,-258.0,-36.0,-27.0,76.0,-71.0,0
13.0,-258.0,-43.0,-43.0,55.0,-77.0,0
9.0,-254.0,-35.0,-60.0,26.0,-76.0,0
4.0,-252.0,-36.0,-80.0,-9.0,-68.0,0
5.0,-250.0,-33.0,-100.0,-47.0,-56.0,0
-1.0,-248.0,-27.0,-112.0,-85.0,-42.0,0
0.0,-252.0,-19.0,-120.0,-116.0,-27.0,0
-4.0,-249.0,-14.0,-117.0,-139.0,-14.0,0
-5.0,-249.0,-17.0,-104.0,-149.0,-3.0,0
-7.0,-253.0,-9.0,-85.0,-146.0,7.0,0
-8.0,-252.0,-8.0,-64.0,-131.0,14.0,0
-7.0,-253.0,-9.0,-38.0,-108.0,19.0,0
-8.0,-254.0,-12.0,-9.0,-78.0,21.0,0
-10.0,-256.0,-8.0,22.0,-44.0,21.0,0
-8.0,-259.0,-8.0,53.0,-12.0,21.0,0
-3.0,-261.0,-10.0,87.0,14.0,19.0,0
-2.0,-257.0,-16.0,111.0,35.0,20.0,0
1.0,-260.0,-19.0,129.0,45.0,21.0,0
2.0,-261.0,-23.0,141.0,45.0,20.0,0
2.0,-257.0,-28.0,145.0,36.0,20.0,0
7.0,-257.0,-33.0,142.0,18.0,22.0,0
-1.0,-251.0,-26.0,130.0,-3.0,24.0,0
11.0,-253.0,-34.0,119.0,-32.0,38.0,0
8.0,-252.0,-33.0,99.0,-59.0,31.0,0
10.0,-250.0,-28.0,78.0,-80.0,28.0,0
5.0,-253.0,-26.0,62.0,-96.0,28.0,0
4.0,-254.0,-19.0,54.0,-106.0,29.0,0
2.0,-250.0,-16.0,59.0,-110.0,32.0,0
-2.0,-253.0,-16.0,71.0,-106.0,34.0,0
-2.0,-257.0,-11.0,90.0,-103.0,34.0,0
-1.0,-264.0,-10.0,113.0,-96.0,33.0,0
-3.0,-262.0,-10.0,135.0,-88.0,29.0,0
4.0,-265.0,-9.0,154.0,-79.0,21.0,0
1.0,-266.0,-15.0,168.0,-67.0,10.0,0
2.0,-270.0,-15.0,178.0,-53.0,0.0,0
0.0,-263.0,-15.0,183.0,-34.0,-8.0,0
13.0,-271.0,-16.0,189.0,-14.0,1.0,0
15.0,-271.0,-15.0,192.0,6.0,-7.0,0
15.0,-270.0,-15.0,190.0,23.0,-15.0,0
20.0,-267.0,-17.0,192.0,33.0,-17.0,0
16.0,-266.0,-12.0,196.0,34.0,-12.0,0
20.0,-262.0,-12.0,206.0,21.0,-3.0,0
19.0,-260.0,-8.0,225.0,3.0,8.0,0
20.0,-259.0,-8.0,244.0,-22.0,18.0,0
19.0,-257.0,-5.0,269.0,-50.0,28.0,0
15.0,-252.0,-6.0,292.0,-75.0,40.0,0
15.0,-251.0,-7.0,315.0,-97.0,46.0,0
11.0,-250.0,-7.0,336.0,-109.0,51.0,0
10.0,-251.0,-4.0,356.0,-111.0,52.0,0
8.0,-248.0,-11.0,370.0,-102.0,49.0,0
3.0,-248.0,-2.0,381.0,-86.0,47.0,0
2.0,-249.0,1.0,390.0,-63.0,42.0,0
2.0,-248.0,3.0,398.0,-40.0,36.0,0
-2.0,-246.0,-1.0,397.0,-18.0,30.0,0
0.0,-245.0,1.0,390.0,-2.0,25.0,0
-4.0,-243.0,-7.0,373.0,7.0,17.0,0
-12.0,-241.0,-14.0,349.0,8.0,17.0,0
-5.0,-244.0,-9.0,320.0,3.0,22.0,0
-4.0,-238.0,-10.0,285.0,-6.0,25.0,0
-3.0,-238.0,-12.0,248.0,-14.0,30.0,0
-6.0,-231.0,-9.0,214.0,-17.0,38.0,0
3.0,-241.0,-11.0,189.0,-17.0,53.0,0
4.0,-240.0,-11.0,164.0,-7.0,47.0,0
5.0,-236.0,-5.0,141.0,10.0,42.0,0
4.0,-237.0,-7.0,124.0,29.0,43.0,0
6.0,-234.0,-10.0,114.0,48.0,50.0,0
8.0,-238.0,-3.0,107.0,61.0,61.0,0
8.0,-238.0,-6.0,103.0,65.0,74.0,0
7.0,-239.0,-7.0,99.0,64.0,91.0,0
9.0,-241.0,-11.0,95.0,52.0,110.0,0
7.0,-239.0,-7.0,87.0,31.0,135.0,0
6.0,-242.0,-8.0,81.0,4.0,153.0,0
3.0,-245.0,-9.0,76.0,-26.0,169.0,0
0.0,-248.0,-5.0,74.0,-58.0,189.0,0
-1.0,-249.0,-3.0,77.0,-85.0,202.0,0
-1.0,-256.0,4.0,89.0,-108.0,221.0,0
-4.0,-260.0,2.0,110.0,-122.0,222.0,0
-3.0,-261.0,2.0,132.0,-126.0,204.0,0
-8.0,-266.0,6.0,155.0,-120.0,182.0,0
-9.0,-266.0,0.0,182.0,-108.0,153.0,0
-11.0,-263.0,6.0,209.0,-91.0,119.0,0
-13.0,-264.0,6.0,234.0,-73.0,90.0,0
-12.0,-268.0,9.0,258.0,-55.0,66.0,0
-24.0,-257.0,11.0,282.0,-41.0,51.0,0
-13.0,-267.0,7.0,305.0,-37.0,57.0,0
-14.0,-263.0,5.0,320.0,-49.0,47.0,0
-15.0,-264.0,6.0,328.0,-71.0,43.0,0
-16.0,-260.0,-1.0,326.0,-100.0,50.0,0
-16.0,-257.0,-1.0,312.0,-132.0,75.0,0
-14.0,-256.0,-4.0,291.0,-160.0,102.0,0
-12.0,-256.0,-6.0,263.0,-180.0,128.0,0
-11.0,-256.0,-5.0,232.0,-187.0,152.0,0
-12.0,-250.0,-7.0,200.0,-179.0,170.0,0
-1.0,-260.0,-6.0,173.0,-160.0,188.0,0
2.0,-259.0,-7.0,146.0,-130.0,181.0,0
5.0,-258.0,0.0,126.0,-93.0,166.0,0
5.0,-260.0,2.0,120.0,-57.0,144.0,0
11.0,-265.0,6.0,122.0,-26.0,127.0,0
10.0,-268.0,10.0,136.0,-6.0,109.0,0
7.0,-274.0,11.0,157.0,3.0,103.0,0
12.0,-269.0,10.0,185.0,0.0,97.0,0
11.0,-270.0,12.0,216.0,-12.0,92.0,0
13.0,-274.0,15.0,250.0,-32.0,98.0,0
14.0,-273.0,10.0,280.0,-56.0,92.0,0
8.0,-273.0,11.0,302.0,-81.0,87.0,0
8.0,-272.0,10.0,318.0,-105.0,80.0,0
3.0,-274.0,15.0,333.0,-126.0,73.0,0
-1.0,-277.0,17.0,349.0,-142.0,64.0,0
-5.0,-279.0,17.0,366.0,-153.0,64.0,0
-13.0,-277.0,20.0,383.0,-157.0,74.0,0
-8.0,-283.0,14.0,407.0,-158.0,99.0,0
-10.0,-278.0,12.0,427.0,-154.0,99.0,0
-11.0,-279.0,13.0,434.0,-146.0,95.0,0
-13.0,-276.0,12.0,435.0,-134.0,93.0,0
-14.0,-274.0,12.0,424.0,-122.0,98.0,0
-16.0,-271.0,12.0,404.0,-111.0,103.0,0
-14.0,-268.0,8.0,378.0,-105.0,108.0,0
-15.0,-273.0,15.0,345.0,-100.0,114.0,0
-14.0,-267.0,14.0,308.0,-97.0,117.0,0
-13.0,-268.0,16.0,268.0,-96.0,115.0,0
-11.0,-268.0,21.0,229.0,-91.0,108.0,0
-14.0,-270.0,20.0,193.0,-90.0,94.0,0
-16.0,-269.0,22.0,167.0,-86.0,81.0,0
-16.0,-269.0,23.0,147.0,-87.0,69.0,0
-20.0,-267.0,26.0,138.0,-91.0,59.0,0
-23.0,-269.0,28.0,136.0,-103.0,49.0,0
-20.0,-267.0,29.0,142.0,-117.0,44.0,0
-21.0,-266.0,35.0,154.0,-132.0,41.0,0
-16.0,-265.0,30.0,170.0,-144.0,40.0,0
-14.0,-263.0,30.0,188.0,-151.0,35.0,0
-11.0,-259.0,28.0,207.0,-154.0,33.0,0
-8.0,-255.0,29.0,223.0,-151.0,30.0,0
-5.0,-252.0,28.0,235.0,-148.0,29.0,0
-2.0,-251.0,28.0,242.0,-146.0,30.0,0
-1.0,-250.0,32.0,244.0,-149.0,33.0,0
2.0,-250.0,33.0,243.0,-159.0,40.0,0
4.0,-250.0,28.0,234.0,-174.0,48.0,0
6.0,-249.0,33.0,225.0,-188.0,57.0,0
3.0,-249.0,28.0,213.0,-202.0,68.0,0
5.0,-253.0,29.0,198.0,-215.0,93.0,0
39.0,-255.0,33.0,183.0,-221.0,104.0,0
0.0,-257.0,22.0,170.0,-217.0,73.0,0
1.0,-267.0,19.0,141.0,-210.0,86.0,0
6.0,-268.0,18.0,108.0,-207.0,88.0,0
6.0,-273.0,21.0,82.0,-204.0,80.0,0
5.0,-272.0,21.0,67.0,-200.0,68.0,0
3.0,-271.0,23.0,62.0,-199.0,56.0,0
1.0,-271.0,24.0,68.0,-197.0,42.0,0
5.0,-270.0,25.0,82.0,-199.0,30.0,0
2.0,-269.0,31.0,105.0,-205.0,18.0,0
1.0,-270.0,27.0,138.0,-210.0,3.0,0
1.0,-272.0,29.0,174.0,-218.0,-13.0,0
3.0,-267.0,31.0,209.0,-223.0,-33.0,0
3.0,-264.0,26.0,246.0,-224.0,-50.0,0
5.0,-261.0,25.0,276.0,-219.0,-68.0,0
10.0,-257.0,28.0,293.0,-208.0,-105.0,0
5.0,-253.0,26.0,303.0,-188.0,-159.0,0
4.0,-250.0,28.0,299.0,-164.0,-192.0,0
4.0,-246.0,31.0,276.0,-136.0,-214.0,0
9.0,-248.0,36.0,244.0,-110.0,-239.0,0
9.0,-249.0,39.0,208.0,-87.0,-266.0,0
8.0,-248.0,38.0,166.0,-68.0,-292.0,0
8.0,-250.0,43.0,114.0,-54.0,-321.0,0
6.0,-251.0,45.0,57.0,-40.0,-349.0,0
1.0,-253.0,52.0,-2.0,-31.0,-370.0,0
0.0,-261.0,50.0,-50.0,-23.0,-403.0,0
4.0,-265.0,47.0,-99.0,-25.0,-393.0,0
-3.0,-261.0,53.0,-141.0,-27.0,-375.0,0
8.0,-273.0,50.0,-161.0,-31.0,-338.0,0
9.0,-277.0,47.0,-167.0,-37.0,-318.0,0
4.0,-277.0,45.0,-162.0,-46.0,-301.0,0
5.0,-278.0,43.0,-149.0,-58.0,-279.0,0
-6.0,-279.0,47.0,-124.0,-73.0,-255.0,0
-2.0,-284.0,42.0,-105.0,-92.0,-198.0,0
-4.0,-284.0,38.0,-83.0,-113.0,-142.0,0
-3.0,-287.0,36.0,-57.0,-132.0,-83.0,0
6.0,-294.0,34.0,-25.0,-148.0,-24.0,0
7.0,-295.0,33.0,5.0,-157.0,10.0,0
3.0,-295.0,33.0,34.0,-157.0,32.0,0
1.0,-293.0,28.0,64.0,-150.0,54.0,0
5.0,-293.0,31.0,81.0,-138.0,89.0,0
10.0,-289.0,37.0,95.0,-126.0,112.0,0
19.0,-285.0,36.0,109.0,-112.0,122.0,0
19.0,-281.0,43.0,121.0,-96.0,124.0,0
23.0,-282.0,43.0,137.0,-77.0,117.0,0
34.0,-278.0,51.0,150.0,-58.0,106.0,0
30.0,-277.0,48.0,161.0,-39.0,84.0,0
23.0,-271.0,47.0,163.0,-25.0,61.0,0
27.0,-268.0,51.0,160.0,-21.0,39.0,0
21.0,-264.0,52.0,153.0,-21.0,26.0,0
18.0,-258.0,49.0,144.0,-27.0,20.0,0
18.0,-255.0,49.0,134.0,-34.0,15.0,0
18.0,-250.0,48.0,125.0,-43.0,14.0,0
11.0,-245.0,51.0,111.0,-48.0,16.0,0
10.0,-247.0,47.0,91.0,-57.0,15.0,0
3.0,-245.0,50.0,65.0,-69.0,22.0,0
1.0,-242.0,54.0,34.0,-80.0,34.0,0
-5.0,-244.0,56.0,1.0,-90.0,48.0,0
-8.0,-244.0,57.0,-30.0,-102.0,60.0,0
-9.0,-249.0,57.0,-58.0,-112.0,76.0,0
-12.0,-251.0,62.0,-82.0,-124.0,90.0,0
-14.0,-253.0,57.0,-101.0,-138.0,103.0,0
-15.0,-256.0,56.0,-113.0,-151.0,117.0,0
-12.0,-260.0,57.0,-114.0,-160.0,124.0,0
-11.0,-259.0,55.0,-106.0,-165.0,124.0,0
-8.0,-264.0,51.0,-90.0,-166.0,121.0,0
-7.0,-261.0,49.0,-69.0,-169.0,113.0,0
-10.0,-266.0,39.0,-46.0,-168.0,102.0,0
-5.0,-264.0,44.0,-27.0,-169.0,90.0,0
-4.0,-263.0,49.0,-13.0,-172.0,81.0,0
-3.0,-261.0,43.0,0.0,-169.0,72.0,0
-3.0,-261.0,43.0,9.0,-163.0,67.0,0
-1.0,-254.0,46.0,19.0,-156.0,62.0,0
0.0,-250.0,41.0,27.0,-147.0,62.0,0
-2.0,-247.0,40.0,31.0,-141.0,63.0,0
-3.0,-241.0,40.0,31.0,-137.0,68.0,0
0.0,-239.0,38.0,23.0,-135.0,72.0,0
-2.0,-233.0,36.0,10.0,-135.0,79.0,0
1.0,-231.0,35.0,-10.0,-136.0,88.0,0
0.0,-226.0,33.0,-38.0,-133.0,97.0,0
1.0,-227.0,33.0,-71.0,-123.0,107.0,0
2.0,-225.0,32.0,-106.0,-110.0,115.0,0
1.0,-226.0,35.0,-144.0,-96.0,123.0,0
6.0,-229.0,33.0,-182.0,-85.0,131.0,0
0.0,-232.0,40.0,-219.0,-74.0,139.0,0
2.0,-239.0,37.0,-248.0,-66.0,145.0,0
-1.0,-243.0,33.0,-269.0,-64.0,150.0,0
-4.0,-246.0,34.0,-279.0,-68.0,152.0,0
-10.0,-247.0,26.0,-279.0,-70.0,152.0,0
-3.0,-250.0,29.0,-267.0,-73.0,150.0,0
-5.0,-254.0,29.0,-243.0,-72.0,145.0,0
-6.0,-254.0,28.0,-212.0,-67.0,135.0,0
-7.0,-254.0,27.0,-176.0,-56.0,124.0,0
-2.0,-253.0,25.0,-130.0,-41.0,110.0,0
-4.0,-251.0,28.0,-82.0,-18.0,96.0,0
-2.0,-248.0,24.0,-31.0,3.0,80.0,0
-3.0,-248.0,17.0,18.0,24.0,66.0,0
-1.0,-246.0,20.0,65.0,42.0,55.0,0
-5.0,-243.0,25.0,110.0,53.0,49.0,0
-2.0,-238.0,27.0,150.0,62.0,48.0,0
-1.0,-239.0,35.0,182.0,67.0,46.0,0
-1.0,-237.0,36.0,213.0,68.0,47.0,0
0.0,-240.0,41.0,237.0,62.0,48.0,0
-4.0,-235.0,42.0,251.0,52.0,51.0,0
-3.0,-233.0,43.0,250.0,37.0,60.0,0
-7.0,-236.0,40.0,236.0,16.0,68.0,0
-10.0,-230.0,35.0,209.0,-3.0,76.0,0
-4.0,-229.0,32.0,168.0,-18.0,84.0,0
-7.0,-227.0,31.0,122.0,-28.0,88.0,0
-5.0,-230.0,33.0,70.0,-36.0,88.0,0
-5.0,-223.0,29.0,14.0,-44.0,83.0,0
-6.0,-229.0,29.0,-41.0,-50.0,75.0,0
-8.0,-231.0,34.0,-99.0,-50.0,64.0,0
-2.0,-238.0,33.0,-150.0,-47.0,51.0,0
-5.0,-235.0,38.0,-191.0,-38.0,35.0,0
-4.0,-242.0,43.0,-214.0,-28.0,21.0,0
1.0,-245.0,41.0,-221.0,-18.0,6.0,0
0.0,-241.0,38.0,-214.0,-7.0,-5.0,0
1.0,-241.0,38.0,-202.0,7.0,-17.0,0
3.0,-239.0,39.0,-185.0,18.0,-26.0,0
6.0,-237.0,33.0,-173.0,30.0,-32.0,0
7.0,-236.0,37.0,-162.0,41.0,-37.0,0
6.0,-236.0,32.0,-154.0,53.0,-43.0,0
8.0,-236.0,32.0,-150.0,68.0,-48.0,0
6.0,-237.0,34.0,-147.0,86.0,-50.0,0
5.0,-237.0,37.0,-144.0,104.0,-50.0,0
7.0,-241.0,40.0,-139.0,119.0,-46.0,0
2.0,-244.0,44.0,-132.0,127.0,-41.0,0
0.0,-249.0,46.0,-120.0,130.0,-33.0,0
-2.0,-249.0,43.0,-104.0,123.0,-23.0,0
-5.0,-250.0,43.0,-83.0,110.0,-13.0,0
-4.0,-249.0,38.0,-60.0,87.0,-4.0,0
-7.0,-245.0,32.0,-38.0,65.0,2.0,0
-4.0,-251.0,37.0,-16.0,50.0,4.0,0
-4.0,-246.0,36.0,2.0,40.0,0.0,0
-4.0,-247.0,33.0,20.0,35.0,-6.0,0
-3.0,-247.0,35.0,33.0,36.0,-12.0,0
-2.0,-248.0,30.0,45.0,41.0,-20.0,0
-2.0,-246.0,32.0,55.0,43.0,-24.0,0
-2.0,-245.0,31.0,62.0,48.0,-28.0,0
-4.0,-242.0,32.0,69.0,50.0,-31.0,0
-6.0,-238.0,35.0,72.0,55.0,-30.0,0
-2.0,-237.0,34.0,71.0,60.0,-28.0,0
-7.0,-234.0,35.0,66.0,63.0,-25.0,0
-8.0,-233.0,33.0,62.0,64.0,-20.0,0
-6.0,-234.0,33.0,55.0,65.0,-17.0,0
-7.0,-226.0,31.0,45.0,66.0,-13.0,0
1.0,-231.0,37.0,35.0,67.0,-13.0,0
-1.0,-228.0,32.0,25.0,66.0,-11.0,0
1.0,-230.0,33.0,11.0,66.0,-12.0,0
2.0,-229.0,33.0,-2.0,65.0,-14.0,0
3.0,-233.0,36.0,-15.0,65.0,-17.0,0
3.0,-233.0,37.0,-28.0,65.0,-21.0,0
7.0,-239.0,34.0,-40.0,63.0,-24.0,0
2.0,-243.0,31.0,-49.0,60.0,-27.0,0
2.0,-247.0,38.0,-50.0,56.0,-25.0,0
1.0,-248.0,34.0,-48.0,51.0,-27.0,0
0.0,-249.0,33.0,-42.0,44.0,-29.0,0
0.0,-256.0,34.0,-32.0,37.0,-29.0,0
-2.0,-256.0,33.0,-17.0,30.0,-29.0,0
-4.0,-260.0,37.0,0.0,20.0,-28.0,0
-7.0,-258.0,37.0,22.0,11.0,-26.0,0
-7.0,-260.0,38.0,43.0,4.0,-26.0,0
-3.0,-259.0,34.0,67.0,0.0,-25.0,0
-2.0,-257.0,40.0,93.0,-2.0,-25.0,0
-6.0,-254.0,39.0,117.0,-4.0,-26.0,0
-4.0,-253.0,35.0,140.0,-3.0,-28.0,0
-6.0,-251.0,36.0,157.0,-4.0,-30.0,0
-5.0,-252.0,36.0,168.0,-7.0,-31.0,0
-6.0,-247.0,36.0,172.0,-8.0,-30.0,0
-11.0,-244.0,37.0,169.0,-9.0,-31.0,0
-12.0,-242.0,38.0,165.0,-9.0,-29.0,0
-10.0,-238.0,35.0,158.0,-10.0,-26.0,0
-10.0,-238.0,36.0,149.0,-8.0,-25.0,0
-11.0,-240.0,37.0,139.0,-7.0,-24.0,0
-8.0,-235.0,44.0,132.0,-5.0,-23.0,0
-5.0,-236.0,40.0,122.0,-1.0,-22.0,0
-7.0,-236.0,40.0,116.0,1.0,-20.0,0
-5.0,-236.0,42.0,111.0,2.0,-18.0,0
0.0,-239.0,42.0,106.0,2.0,-15.0,0
-1.0,-236.0,43.0,104.0,-2.0,-13.0,0
0.0,-240.0,45.0,99.0,-3.0,-10.0,0
0.0,-241.0,42.0,94.0,-7.0,-7.0,0
3.0,-241.0,43.0,92.0,-12.0,-4.0,0
5.0,-244.0,44.0,86.0,-15.0,-2.0,0
1.0,-245.0,38.0,81.0,-17.0,-1.0,0
3.0,-246.0,42.0,80.0,-19.0,0.0,0
4.0,-249.0,42.0,83.0,-17.0,-2.0,0
4.0,-251.0,42.0,86.0,-17.0,-3.0,0
2.0,-250.0,42.0,90.0,-18.0,-4.0,0
1.0,-250.0,45.0,102.0,-17.0,-4.0,0
3.0,-249.0,44.0,111.0,-17.0,-4.0,0
-2.0,-247.0,47.0,122.0,-18.0,-4.0,0
0.0,-247.0,48.0,130.0,-17.0,-3.0,0
-4.0,-243.0,45.0,138.0,-18.0,-4.0,0
-4.0,-238.0,48.0,141.0,-16.0,-5.0,0
0.0,-242.0,51.0,141.0,-14.0,-7.0,0
-12.0,-237.0,47.0,138.0,-13.0,-10.0,0
-3.0,-233.0,49.0,132.0,-11.0,-12.0,0
-1.0,-232.0,51.0,122.0,-9.0,-13.0,0
-2.0,-230.0,49.0,113.0,-6.0,-13.0,0
-2.0,-232.0,47.0,105.0,-3.0,-14.0,0
-2.0,-234.0,52.0,96.0,2.0,-15.0,0
-2.0,-233.0,50.0,88.0,9.0,-14.0,0
0.0,-235.0,50.0,84.0,13.0,-12.0,0
-4.0,-236.0,52.0,82.0,16.0,-10.0,0
-3.0,-240.0,48.0,82.0,17.0,-4.0,0
-3.0,-242.0,52.0,83.0,16.0,0.0,0
-4.0,-241.0,52.0,85.0,13.0,4.0,0
-2.0,-239.0,51.0,90.0,10.0,7.0,0
-1.0,-235.0,53.0,92.0,9.0,6.0,0
2.0,-239.0,48.0,92.0,10.0,5.0,0
0.0,-234.0,53.0,92.0,11.0,1.0,0
3.0,-237.0,51.0,93.0,12.0,-4.0,0
7.0,-234.0,48.0,91.0,14.0,-12.0,0
7.0,-236.0,52.0,88.0,16.0,-17.0,0
3.0,-234.0,49.0,84.0,16.0,-23.0,0
4.0,-232.0,48.0,78.0,15.0,-26.0,0
6.0,-234.0,51.0,73.0,15.0,-27.0,0
0.0,-228.0,55.0,66.0,13.0,-28.0,0
0.0,-229.0,51.0,58.0,11.0,-28.0,0
1.0,-230.0,47.0,49.0,9.0,-26.0,0
-2.0,-227.0,49.0,38.0,8.0,-22.0,0
2.0,-229.0,51.0,28.0,5.0,-16.0,0
-1.0,-226.0,50.0,17.0,4.0,-11.0,0
-1.0,-229.0,55.0,9.0,2.0,-5.0,0
-5.0,-226.0,61.0,6.0,1.0,0.0,0
-8.0,-228.0,56.0,6.0,0.0,5.0,0
-7.0,-231.0,60.0,10.0,1.0,9.0,0
-6.0,-235.0,61.0,18.0,3.0,12.0,0
-4.0,-236.0,65.0,26.0,6.0,11.0,0
-2.0,-238.0,60.0,36.0,8.0,10.0,0
-2.0,-240.0,58.0,44.0,7.0,8.0,0
-3.0,-241.0,60.0,50.0,6.0,5.0,0
1.0,-244.0,62.0,53.0,5.0,2.0,0
1.0,-245.0,53.0,55.0,5.0,-2.0,0
2.0,-247.0,62.0,57.0,5.0,-3.0,0
5.0,-245.0,57.0,60.0,5.0,-3.0,0
2.0,-242.0,55.0,58.0,5.0,-1.0,0
1.0,-244.0,51.0,54.0,5.0,2.0,0
3.0,-243.0,53.0,47.0,5.0,5.0,0
0.0,-235.0,49.0,35.0,4.0,8.0,0
3.0,-238.0,52.0,22.0,6.0,12.0,0
1.0,-235.0,50.0,4.0,7.0,15.0,0
1.0,-237.0,55.0,-12.0,7.0,18.0,0
-3.0,-235.0,53.0,-29.0,7.0,20.0,0
-2.0,-231.0,55.0,-47.0,5.0,20.0,0
-1.0,-231.0,55.0,-63.0,3.0,20.0,0
-1.0,-232.0,56.0,-78.0,3.0,19.0,0
-5.0,-231.0,55.0,-89.0,4.0,16.0,0
-2.0,-232.0,55.0,-99.0,6.0,15.0,0
-2.0,-235.0,58.0,-104.0,8.0,10.0,0
1.0,-236.0,60.0,-109.0,10.0,8.0,0
2.0,-240.0,59.0,-113.0,11.0,1.0,0
-2.0,-237.0,54.0,-120.0,13.0,-4.0,0
0.0,-242.0,59.0,-127.0,16.0,-10.0,0
0.0,-245.0,59.0,-130.0,21.0,-17.0,0
2.0,-246.0,56.0,-132.0,25.0,-23.0,0
0.0,-249.0,60.0,-130.0,30.0,-28.0,0
-1.0,-247.0,57.0,-125.0,36.0,-30.0,0
1.0,-247.0,55.0,-117.0,40.0,-31.0,0
-2.0,-246.0,58.0,-104.0,43.0,-30.0,0
-6.0,-244.0,57.0,-93.0,47.0,-26.0,0
-3.0,-244.0,55.0,-83.0,49.0,-21.0,0
-2.0,-244.0,55.0,-77.0,51.0,-14.0,0
-1.0,-244.0,52.0,-74.0,51.0,-6.0,0
-3.0,-244.0,54.0,-75.0,51.0,0.0,0
-2.0,-245.0,51.0,-76.0,51.0,8.0,0
-1.0,-246.0,48.0,-76.0,51.0,11.0,0
0.0,-243.0,48.0,-79.0,52.0,16.0,0
0.0,-244.0,53.0,-83.0,55.0,17.0,0
2.0,-242.0,53.0,-89.0,58.0,17.0,0
5.0,-243.0,55.0,-96.0,59.0,17.0,0
4.0,-243.0,50.0,-102.0,64.0,15.0,0
5.0,-245.0,57.0,-106.0,63.0,11.0,0
1.0,-243.0,58.0,-109.0,58.0,8.0,0
-3.0,-246.0,61.0,-109.0,48.0,8.0,0
-3.0,-248.0,58.0,-111.0,37.0,7.0,0
-4.0,-248.0,62.0,-114.0,26.0,7.0,0
-8.0,-247.0,60.0,-119.0,20.0,6.0,0
-8.0,-247.0,62.0,-130.0,20.0,4.0,0
-6.0,-248.0,61.0,-148.0,24.0,3.0,0
-11.0,-249.0,61.0,-171.0,30.0,2.0,0
-9.0,-249.0,62.0,-199.0,37.0,1.0,0
-12.0,-253.0,65.0,-228.0,41.0,2.0,0
-10.0,-253.0,60.0,-260.0,41.0,5.0,0
-7.0,-256.0,65.0,-293.0,40.0,10.0,0
-7.0,-259.0,58.0,-327.0,43.0,16.0,0
-4.0,-265.0,63.0,-359.0,47.0,19.0,0
-7.0,-267.0,63.0,-392.0,51.0,22.0,0
-2.0,-270.0,58.0,-421.0,51.0,27.0,0
-1.0,-274.0,58.0,-438.0,45.0,31.0,0
-4.0,-280.0,56.0,-449.0,34.0,38.0,0
-1.0,-282.0,55.0,-458.0,19.0,44.0,0
-2.0,-285.0,53.0,-462.0,1.0,47.0,0
-6.0,-283.0,50.0,-466.0,-18.0,51.0,0
2.0,-286.0,47.0,-468.0,-31.0,54.0,0
-4.0,-287.0,40.0,-461.0,-42.0,55.0,0
-5.0,-287.0,39.0,-454.0,-48.0,55.0,0
0.0,-288.0,40.0,-444.0,-49.0,55.0,0
0.0,-287.0,38.0,-436.0,-46.0,54.0,0
1.0,-289.0,43.0,-430.0,-42.0,51.0,0
3.0,-289.0,43.0,-426.0,-40.0,47.0,0
0.0,-287.0,44.0,-424.0,-41.0,44.0,0
0.0,-286.0,40.0,-420.0,-47.0,45.0,0
1.0,-287.0,41.0,-414.0,-51.0,47.0,0
-1.0,-285.0,39.0,-406.0,-57.0,53.0,0
0.0,-285.0,37.0,-405.0,-64.0,58.0,0
0.0,-285.0,34.0,-406.0,-67.0,64.0,0
-1.0,-280.0,32.0,-415.0,-70.0,72.0,0
-1.0,-278.0,27.0,-430.0,-74.0,79.0,0
-4.0,-270.0,25.0,-451.0,-76.0,89.0,0
-3.0,-269.0,19.0,-478.0,-81.0,94.0,0
-5.0,-268.0,22.0,-509.0,-86.0,100.0,0
-4.0,-268.0,23.0,-541.0,-93.0,102.0,0
-4.0,-262.0,23.0,-569.0,-101.0,101.0,0
-4.0,-265.0,25.0,-595.0,-106.0,96.0,0
-9.0,-263.0,28.0,-617.0,-110.0,89.0,0
-6.0,-263.0,30.0,-634.0,-111.0,80.0,0
-7.0,-264.0,31.0,-646.0,-109.0,71.0,0
-6.0,-263.0,36.0,-656.0,-104.0,66.0,0
-8.0,-263.0,35.0,-663.0,-99.0,63.0,0
-9.0,-267.0,33.0,-666.0,-97.0,59.0,0
-9.0,-269.0,33.0,-665.0,-101.0,62.0,0
-7.0,-271.0,36.0,-662.0,-111.0,70.0,0
-10.0,-272.0,30.0,-655.0,-121.0,84.0,0
-9.0,-272.0,31.0,-645.0,-136.0,99.0,0
-7.0,-275.0,28.0,-638.0,-151.0,116.0,0
-4.0,-276.0,21.0,-634.0,-168.0,133.0,0
-6.0,-279.0,21.0,-629.0,-184.0,147.0,0
-4.0,-280.0,20.0,-624.0,-197.0,159.0,0
-4.0,-281.0,17.0,-615.0,-203.0,163.0,0
-4.0,-282.0,16.0,-607.0,-199.0,165.0,0
-3.0,-279.0,15.0,-597.0,-185.0,161.0,0
-2.0,-279.0,13.0,-585.0,-163.0,151.0,0
0.0,-278.0,11.0,-576.0,-142.0,140.0,0
4.0,-276.0,10.0,-570.0,-123.0,126.0,0
1.0,-275.0,13.0,-564.0,-107.0,110.0,0
-1.0,-278.0,11.0,-554.0,-93.0,97.0,0
5.0,-276.0,19.0,-537.0,-84.0,85.0,0
2.0,-275.0,19.0,-515.0,-83.0,76.0,0
-3.0,-276.0,23.0,-492.0,-91.0,73.0,0
-4.0,-274.0,18.0,-467.0,-107.0,75.0,0
-6.0,-275.0,14.0,-449.0,-123.0,81.0,0
-1.0,-275.0,15.0,-437.0,-137.0,91.0,0
-9.0,-269.0,13.0,-434.0,-148.0,99.0,0
-7.0,-265.0,9.0,-439.0,-152.0,108.0,0
-8.0,-270.0,5.0,-454.0,-150.0,117.0,0
-6.0,-264.0,3.0,-470.0,-147.0,120.0,0
-6.0,-265.0,-4.0,-498.0,-137.0,121.0,0
-6.0,-266.0,-6.0,-528.0,-127.0,119.0,0
-5.0,-266.0,-7.0,-559.0,-114.0,114.0,0
-6.0,-264.0,-7.0,-593.0,-100.0,108.0,0
-5.0,-267.0,-4.0,-620.0,-89.0,101.0,0
-6.0,-265.0,-7.0,-643.0,-80.0,93.0,0
-6.0,-264.0,-2.0,-655.0,-75.0,84.0,0
-5.0,-271.0,-1.0,-665.0,-76.0,77.0,0
-7.0,-268.0,-4.0,-672.0,-81.0,71.0,0
-10.0,-268.0,0.0,-677.0,-85.0,70.0,0
-8.0,-270.0,-4.0,-678.0,-88.0,66.0,0
-9.0,-268.0,1.0,-680.0,-92.0,64.0,0
-14.0,-267.0,-3.0,-682.0,-97.0,60.0,0
-15.0,-267.0,-2.0,-683.0,-105.0,60.0,0
-15.0,-270.0,-2.0,-686.0,-113.0,58.0,0
-13.0,-275.0,-6.0,-687.0,-120.0,58.0,0
-13.0,-274.0,-8.0,-690.0,-123.0,58.0,0
-16.0,-268.0,-10.0,-690.0,-124.0,59.0,0
-8.0,-276.0,-14.0,-694.0,-121.0,56.0,0
-13.0,-269.0,-15.0,-702.0,-119.0,56.0,0
-7.0,-271.0,-14.0,-713.0,-115.0,53.0,0
-4.0,-268.0,-19.0,-722.0,-111.0,52.0,0
-4.0,-268.0,-23.0,-730.0,-103.0,48.0,0
-3.0,-269.0,-20.0,-734.0,-91.0,46.0,0
-3.0,-266.0,-21.0,-731.0,-77.0,46.0,0
-1.0,-268.0,-18.0,-720.0,-62.0,47.0,0
-1.0,-268.0,-18.0,-699.0,-45.0,48.0,0
3.0,-273.0,-16.0,-669.0,-31.0,50.0,0
-1.0,-272.0,-18.0,-634.0,-22.0,51.0,0
0.0,-273.0,-24.0,-595.0,-23.0,54.0,0
-4.0,-274.0,-20.0,-559.0,-29.0,58.0,0
-3.0,-273.0,-25.0,-528.0,-41.0,62.0,0
-5.0,-273.0,-26.0,-504.0,-54.0,62.0,0
-5.0,-274.0,-30.0,-485.0,-58.0,60.0,0
-7.0,-273.0,-28.0,-471.0,-59.0,53.0,0
-9.0,-270.0,-27.0,-459.0,-50.0,43.0,0
-7.0,-270.0,-28.0,-450.0,-39.0,30.0,0
-13.0,-266.0,-27.0,-446.0,-24.0,19.0,0
-13.0,-267.0,-27.0,-447.0,-11.0,7.0,0
-14.0,-267.0,-25.0,-451.0,-1.0,-3.0,0
-16.0,-263.0,-28.0,-461.0,7.0,-12.0,0
-18.0,-264.0,-24.0,-474.0,13.0,-21.0,0
-15.0,-264.0,-21.0,-482.0,16.0,-23.0,0
-16.0,-263.0,-22.0,-490.0,14.0,-26.0,0
-18.0,-261.0,-22.0,-495.0,12.0,-30.0,0
-17.0,-263.0,-26.0,-495.0,11.0,-34.0,0
-18.0,-260.0,-24.0,-490.0,12.0,-36.0,0
-15.0,-263.0,-24.0,-482.0,16.0,-38.0,0
-16.0,-262.0,-25.0,-469.0,27.0,-44.0,0
-17.0,-262.0,-26.0,-457.0,42.0,-50.0,0
-15.0,-261.0,-30.0,-445.0,59.0,-57.0,0
-15.0,-265.0,-29.0,-435.0,77.0,-64.0,0
-16.0,-266.0,-31.0,-429.0,94.0,-69.0,0
-16.0,-265.0,-36.0,-430.0,109.0,-74.0,0
-15.0,-267.0,-35.0,-431.0,118.0,-74.0,0
-11.0,-265.0,-38.0,-432.0,123.0,-74.0,0
-11.0,-264.0,-35.0,-431.0,125.0,-73.0,0
-15.0,-264.0,-38.0,-431.0,121.0,-70.0,0
-13.0,-265.0,-34.0,-428.0,115.0,-65.0,0
-10.0,-265.0,-40.0,-422.0,111.0,-60.0,0
-10.0,-266.0,-39.0,-409.0,110.0,-54.0,0
-9.0,-263.0,-33.0,-392.0,110.0,-50.0,0
-9.0,-263.0,-36.0,-377.0,108.0,-48.0,0
-10.0,-265.0,-35.0,-363.0,109.0,-44.0,0
-5.0,-264.0,-42.0,-347.0,112.0,-45.0,0
-10.0,-262.0,-43.0,-328.0,119.0,-47.0,0
-10.0,-262.0,-39.0,-308.0,125.0,-47.0,0
-7.0,-261.0,-43.0,-288.0,131.0,-50.0,0
-12.0,-258.0,-42.0,-268.0,133.0,-49.0,0
-12.0,-257.0,-39.0,-248.0,130.0,-49.0,0
-11.0,-254.0,-37.0,-232.0,123.0,-47.0,0
-12.0,-253.0,-36.0,-221.0,110.0,-40.0,0
-12.0,-252.0,-40.0,-214.0,92.0,-33.0,0
-16.0,-250.0,-41.0,-209.0,72.0,-27.0,0
-16.0,-249.0,-42.0,-204.0,51.0,-21.0,0
-16.0,-248.0,-41.0,-204.0,35.0,-12.0,0
-16.0,-248.0,-40.0,-204.0,25.0,-8.0,0
-15.0,-250.0,-40.0,-207.0,21.0,-5.0,0
-15.0,-251.0,-41.0,-206.0,25.0,-6.0,0
-13.0,-250.0,-40.0,-205.0,38.0,-6.0,0
-14.0,-249.0,-37.0,-205.0,55.0,-12.0,0
-13.0,-252.0,-34.0,-201.0,75.0,-17.0,0
-10.0,-250.0,-31.0,-189.0,96.0,-21.0,0
-9.0,-252.0,-31.0,-168.0,114.0,-24.0,0
-9.0,-251.0,-30.0,-137.0,128.0,-24.0,0
-5.0,-256.0,-28.0,-98.0,129.0,-23.0,0
-10.0,-255.0,-30.0,-56.0,117.0,-20.0,0
-9.0,-253.0,-30.0,-15.0,98.0,-17.0,0
-7.0,-253.0,-31.0,24.0,79.0,-9.0,0
-5.0,-256.0,-33.0,56.0,60.0,-6.0,0
-5.0,-257.0,-38.0,82.0,49.0,2.0,0
-6.0,-256.0,-38.0,97.0,45.0,2.0,0
-4.0,-254.0,-42.0,104.0,50.0,3.0,0
-4.0,-257.0,-46.0,103.0,60.0,3.0,0
0.0,-257.0,-47.0,93.0,76.0,-1.0,0
0.0,-257.0,-45.0,78.0,95.0,-9.0,0
-1.0,-254.0,-45.0,59.0,115.0,-18.0,0
1.0,-254.0,-46.0,43.0,130.0,-20.0,0
3.0,-253.0,-42.0,29.0,139.0,-24.0,0
3.0,-256.0,-41.0,14.0,143.0,-26.0,0
3.0,-252.0,-40.0,-1.0,138.0,-25.0,0
5.0,-252.0,-40.0,-15.0,130.0,-21.0,0
4.0,-254.0,-44.0,-29.0,123.0,-20.0,0
4.0,-249.0,-39.0,-42.0,112.0,-17.0,0
7.0,-251.0,-34.0,-48.0,104.0,-13.0,0
9.0,-249.0,-34.0,-43.0,94.0,-10.0,0
11.0,-252.0,-31.0,-32.0,88.0,-10.0,0
10.0,-252.0,-30.0,-13.0,87.0,-15.0,0
9.0,-252.0,-29.0,12.0,90.0,-21.0,0
6.0,-250.0,-36.0,36.0,98.0,-28.0,0
7.0,-251.0,-33.0,58.0,110.0,-38.0,0
4.0,-250.0,-39.0,78.0,128.0,-49.0,0
4.0,-254.0,-31.0,92.0,149.0,-59.0,0
3.0,-253.0,-34.0,102.0,172.0,-71.0,0
1.0,-254.0,-37.0,106.0,194.0,-79.0,0
1.0,-252.0,-40.0,105.0,216.0,-84.0,0
2.0,-254.0,-39.0,97.0,235.0,-89.0,0
4.0,-255.0,-39.0,92.0,249.0,-94.0,0
5.0,-256.0,-39.0,83.0,261.0,-95.0,0
5.0,-257.0,-43.0,76.0,267.0,-93.0,0
7.0,-257.0,-40.0,72.0,271.0,-89.0,0
4.0,-256.0,-43.0,69.0,273.0,-86.0,0
6.0,-256.0,-44.0,67.0,271.0,-81.0,0
4.0,-257.0,-43.0,67.0,270.0,-74.0,0
2.0,-255.0,-36.0,70.0,265.0,-68.0,0
4.0,-254.0,-40.0,77.0,261.0,-61.0,0
1.0,-253.0,-35.0,84.0,259.0,-57.0,0
1.0,-254.0,-38.0,96.0,254.0,-54.0,0
1.0,-251.0,-31.0,110.0,251.0,-54.0,0
-4.0,-251.0,-33.0,126.0,250.0,-57.0,0
-3.0,-254.0,-31.0,143.0,253.0,-61.0,0
-8.0,-249.0,-31.0,158.0,258.0,-65.0,0
-9.0,-248.0,-34.0,174.0,265.0,-72.0,0
-11.0,-248.0,-33.0,188.0,270.0,-76.0,0
-7.0,-247.0,-31.0,202.0,276.0,-80.0,0
-8.0,-244.0,-31.0,218.0,281.0,-85.0,0
-9.0,-241.0,-28.0,233.0,285.0,-90.0,0
-4.0,-240.0,-25.0,251.0,284.0,-92.0,0
-10.0,-233.0,-27.0,264.0,280.0,-95.0,0
-6.0,-231.0,-33.0,276.0,267.0,-89.0,0
-6.0,-225.0,-27.0,287.0,250.0,-80.0,0
-1.0,-221.0,-29.0,295.0,230.0,-72.0,0
3.0,-216.0,-30.0,301.0,209.0,-67.0,0
-5.0,-212.0,-40.0,300.0,193.0,-63.0,0
6.0,-206.0,-35.0,291.0,177.0,-51.0,0
8.0,-203.0,-35.0,277.0,169.0,-58.0,0
9.0,-198.0,-38.0,257.0,169.0,-66.0,0
8.0,-191.0,-41.0,232.0,173.0,-69.0,0
9.0,-189.0,-47.0,191.0,180.0,-73.0,0
6.0,-183.0,-44.0,139.0,192.0,-82.0,0
7.0,-187.0,-47.0,76.0,206.0,-82.0,0
3.0,-187.0,-44.0,10.0,215.0,-81.0,0
5.0,-189.0,-40.0,-54.0,223.0,-78.0,0
5.0,-192.0,-39.0,-113.0,229.0,-75.0,0
7.0,-195.0,-33.0,-158.0,232.0,-73.0,0
9.0,-201.0,-36.0,-190.0,234.0,-71.0,0
4.0,-203.0,-31.0,-210.0,237.0,-65.0,0
7.0,-206.0,-28.0,-222.0,236.0,-59.0,0
7.0,-208.0,-25.0,-226.0,232.0,-59.0,0
10.0,-213.0,-25.0,-222.0,224.0,-58.0,0
8.0,-214.0,-25.0,-207.0,219.0,-56.0,0
6.0,-214.0,-22.0,-187.0,217.0,-53.0,0
11.0,-217.0,-22.0,-165.0,217.0,-48.0,0
7.0,-216.0,-27.0,-144.0,224.0,-39.0,0
7.0,-217.0,-33.0,-113.0,232.0,-30.0,0
5.0,-216.0,-30.0,-89.0,247.0,-17.0,0
8.0,-215.0,-30.0,-70.0,260.0,0.0,0
9.0,-215.0,-34.0,-52.0,272.0,18.0,0
7.0,-215.0,-38.0,-44.0,280.0,36.0,0
6.0,-213.0,-35.0,-46.0,283.0,54.0,0
10.0,-211.0,-38.0,-55.0,277.0,68.0,0
6.0,-209.0,-42.0,-64.0,264.0,67.0,0
0.0,-205.0,-47.0,-88.0,249.0,65.0,0
1.0,-199.0,-51.0,-130.0,228.0,67.0,0
-2.0,-200.0,-51.0,-183.0,202.0,69.0,0
0.0,-199.0,-47.0,-240.0,181.0,84.0,0
1.0,-201.0,-45.0,-290.0,165.0,72.0,0
-3.0,-205.0,-46.0,-335.0,160.0,60.0,0
-7.0,-207.0,-44.0,-373.0,168.0,54.0,0
-2.0,-209.0,-37.0,-401.0,188.0,50.0,0
-4.0,-215.0,-41.0,-416.0,210.0,44.0,0
-3.0,-217.0,-41.0,-418.0,234.0,37.0,0
-1.0,-221.0,-38.0,-410.0,260.0,32.0,0
-1.0,-225.0,-37.0,-392.0,279.0,28.0,0
-1.0,-228.0,-37.0,-367.0,287.0,27.0,0
1.0,-230.0,-40.0,-339.0,285.0,29.0,0
-2.0,-230.0,-41.0,-305.0,278.0,32.0,0
5.0,-232.0,-42.0,-275.0,265.0,35.0,0
4.0,-233.0,-47.0,-246.0,250.0,37.0,0
4.0,-235.0,-47.0,-219.0,230.0,38.0,0
7.0,-231.0,-45.0,-187.0,218.0,35.0,0
4.0,-235.0,-45.0,-156.0,211.0,30.0,0
6.0,-230.0,-44.0,-125.0,201.0,39.0,0
7.0,-228.0,-47.0,-91.0,193.0,44.0,0
10.0,-228.0,-46.0,-62.0,184.0,44.0,0
7.0,-228.0,-44.0,-38.0,183.0,48.0,0
5.0,-229.0,-43.0,-23.0,187.0,56.0,0
3.0,-228.0,-45.0,-11.0,191.0,57.0,0
3.0,-232.0,-44.0,3.0,196.0,43.0,0
2.0,-235.0,-48.0,14.0,203.0,37.0,0
2.0,-236.0,-43.0,18.0,211.0,34.0,0
1.0,-234.0,-49.0,15.0,213.0,29.0,0
-2.0,-240.0,-51.0,10.0,217.0,26.0,0
-2.0,-240.0,-51.0,3.0,217.0,25.0,0
-2.0,-240.0,-51.0,-1.0,211.0,21.0,0
-2.0,-239.0,-50.0,-1.0,204.0,17.0,0
-2.0,-240.0,-44.0,-6.0,201.0,13.0,0
-5.0,-240.0,-45.0,-12.0,206.0,10.0,0
-2.0,-244.0,-46.0,-18.0,217.0,13.0,0
-6.0,-244.0,-41.0,-19.0,230.0,14.0,0
-1.0,-246.0,-44.0,-10.0,248.0,11.0,0
-5.0,-245.0,-46.0,-2.0,266.0,7.0,0
-4.0,-243.0,-46.0,-1.0,281.0,3.0,0
-2.0,-247.0,-53.0,-5.0,294.0,0.0,0
-3.0,-248.0,-55.0,-16.0,306.0,-4.0,0
-5.0,-249.0,-55.0,-23.0,312.0,-9.0,0
-1.0,-253.0,-57.0,-30.0,318.0,-14.0,0
-7.0,-251.0,-55.0,-34.0,317.0,-18.0,0
-1.0,-252.0,-61.0,-34.0,308.0,-22.0,0
-2.0,-249.0,-55.0,-28.0,295.0,-26.0,0
0.0,-254.0,-56.0,-18.0,282.0,-29.0,0
0.0,-250.0,-52.0,-5.0,269.0,-33.0,0
-2.0,-249.0,-50.0,14.0,259.0,-34.0,0
2.0,-250.0,-51.0,36.0,252.0,-35.0,0
0.0,-249.0,-44.0,56.0,246.0,-34.0,0
0.0,-248.0,-38.0,78.0,241.0,-35.0,0
-4.0,-244.0,-36.0,99.0,239.0,-32.0,0
-5.0,-242.0,-39.0,117.0,238.0,-28.0,0
-2.0,-242.0,-35.0,127.0,240.0,-4.0,0
-8.0,-240.0,-32.0,137.0,238.0,-3.0,0
-9.0,-238.0,-34.0,152.0,237.0,-13.0,0
-11.0,-243.0,-35.0,163.0,240.0,-18.0,0
-9.0,-242.0,-39.0,168.0,246.0,-21.0,0
-12.0,-242.0,-40.0,164.0,252.0,-24.0,0
-11.0,-242.0,-40.0,154.0,258.0,-27.0,0
-14.0,-241.0,-43.0,139.0,259.0,-30.0,0
-14.0,-243.0,-45.0,121.0,258.0,-32.0,0
-15.0,-242.0,-48.0,103.0,254.0,-32.0,0
-16.0,-247.0,-44.0,88.0,249.0,-32.0,0
-14.0,-248.0,-47.0,77.0,244.0,-33.0,0
-12.0,-249.0,-47.0,71.0,244.0,-35.0,0
-8.0,-249.0,-45.0,72.0,246.0,-39.0,0
-5.0,-250.0,-46.0,79.0,252.0,-44.0,0
-4.0,-252.0,-49.0,90.0,257.0,-49.0,0
-2.0,-251.0,-43.0,106.0,261.0,-53.0,0
-3.0,-249.0,-43.0,125.0,264.0,-60.0,0
-2.0,-249.0,-46.0,144.0,264.0,-66.0,0
-6.0,-247.0,-43.0,162.0,260.0,-74.0,0
-2.0,-249.0,-42.0,179.0,254.0,-82.0,0
-3.0,-250.0,-38.0,190.0,249.0,-91.0,0
-3.0,-249.0,-34.0,201.0,249.0,-98.0,0
-1.0,-251.0,-36.0,211.0,254.0,-105.0,0
-1.0,-254.0,-36.0,220.0,261.0,-110.0,0
0.0,-254.0,-41.0,230.0,271.0,-115.0,0
-1.0,-253.0,-40.0,239.0,279.0,-119.0,0
2.0,-255.0,-36.0,245.0,284.0,-121.0,0
-2.0,-251.0,-38.0,249.0,285.0,-121.0,0
-1.0,-255.0,-40.0,253.0,283.0,-117.0,0
-3.0,-254.0,-42.0,255.0,275.0,-112.0,0
-6.0,-252.0,-37.0,252.0,263.0,-121.0,0
-6.0,-251.0,-36.0,246.0,249.0,-113.0,0
-2.0,-254.0,-39.0,248.0,238.0,-93.0,0
-6.0,-252.0,-42.0,246.0,224.0,-83.0,0
-7.0,-250.0,-37.0,243.0,209.0,-72.0,0
-9.0,-250.0,-36.0,236.0,192.0,-63.0,0
-9.0,-252.0,-33.0,232.0,169.0,-54.0,0
-8.0,-254.0,-30.0,233.0,150.0,-46.0,0
-10.0,-252.0,-32.0,242.0,135.0,-40.0,0
-8.0,-255.0,-32.0,254.0,126.0,-35.0,0
-10.0,-252.0,-30.0,267.0,122.0,-31.0,0
-10.0,-252.0,-25.0,281.0,120.0,-28.0,0
-8.0,-247.0,-28.0,288.0,121.0,-29.0,0
-8.0,-249.0,-27.0,287.0,124.0,-29.0,0
-4.0,-245.0,-31.0,279.0,129.0,-30.0,0
-3.0,-246.0,-32.0,263.0,133.0,-31.0,0
-1.0,-244.0,-34.0,244.0,137.0,-35.0,0
0.0,-239.0,-33.0,213.0,140.0,-37.0,0
2.0,-240.0,-38.0,173.0,141.0,-39.0,0
5.0,-240.0,-37.0,124.0,140.0,-40.0,0
3.0,-241.0,-38.0,70.0,139.0,-42.0,0
3.0,-245.0,-34.0,18.0,139.0,-43.0,0
2.0,-246.0,-36.0,-29.0,136.0,-41.0,0
-1.0,-248.0,-38.0,-71.0,135.0,-38.0,0
1.0,-251.0,-34.0,-108.0,135.0,-34.0,0
-1.0,-251.0,-38.0,-136.0,133.0,-32.0,0
-1.0,-257.0,-34.0,-160.0,133.0,-28.0,0
-2.0,-258.0,-30.0,-174.0,135.0,-23.0,0
-2.0,-261.0,-31.0,-176.0,136.0,-21.0,0
0.0,-265.0,-34.0,-172.0,137.0,-18.0,0
-1.0,-268.0,-29.0,-158.0,140.0,-16.0,0
0.0,-269.0,-34.0,-137.0,142.0,-14.0,0
1.0,-270.0,-33.0,-113.0,146.0,-19.0,0
-1.0,-271.0,-31.0,-81.0,148.0,-20.0,0
-3.0,-267.0,-33.0,-50.0,149.0,-22.0,0
-2.0,-266.0,-35.0,-25.0,147.0,-26.0,0
1.0,-265.0,-38.0,-7.0,141.0,-28.0,0
-1.0,-260.0,-35.0,3.0,136.0,-31.0,0
0.0,-257.0,-35.0,5.0,131.0,-34.0,0
-2.0,-256.0,-31.0,4.0,130.0,-36.0,0
-1.0,-257.0,-30.0,0.0,131.0,-38.0,0
-2.0,-260.0,-31.0,-5.0,133.0,-41.0,0
-1.0,-261.0,-27.0,-5.0,136.0,-43.0,0
-2.0,-264.0,-31.0,2.0,135.0,-43.0,0
-2.0,-262.0,-27.0,18.0,138.0,-41.0,0
-5.0,-261.0,-29.0,41.0,138.0,-42.0,0
-5.0,-258.0,-26.0,66.0,139.0,-43.0,0
-2.0,-257.0,-26.0,93.0,137.0,-42.0,0
-2.0,-258.0,-23.0,122.0,135.0,-40.0,0
-1.0,-256.0,-25.0,142.0,132.0,-38.0,0
0.0,-250.0,-22.0,155.0,131.0,-38.0,0
4.0,-253.0,-20.0,167.0,131.0,-38.0,0
4.0,-250.0,-25.0,177.0,131.0,-35.0,0
4.0,-248.0,-19.0,181.0,131.0,-33.0,0
1.0,-249.0,-20.0,187.0,133.0,-31.0,0
3.0,-248.0,-24.0,186.0,136.0,-28.0,0
4.0,-243.0,-22.0,185.0,141.0,-27.0,0
6.0,-248.0,-24.0,182.0,146.0,-23.0,0
6.0,-249.0,-27.0,175.0,150.0,-21.0,0
9.0,-249.0,-26.0,164.0,156.0,-22.0,0
6.0,-249.0,-23.0,160.0,161.0,-23.0,0
5.0,-248.0,-21.0,154.0,164.0,-22.0,0
0.0,-247.0,-19.0,152.0,163.0,-20.0,0
3.0,-247.0,-23.0,149.0,158.0,-22.0,0
2.0,-255.0,-22.0,135.0,149.0,-21.0,0
1.0,-256.0,-19.0,117.0,137.0,-21.0,0
-2.0,-250.0,-20.0,103.0,125.0,-21.0,0
-1.0,-252.0,-13.0,88.0,117.0,-23.0,0
-1.0,-252.0,-16.0,81.0,109.0,-24.0,0
-1.0,-252.0,-19.0,81.0,104.0,-27.0,0
-3.0,-254.0,-16.0,75.0,103.0,-28.0,0
-2.0,-252.0,-19.0,68.0,105.0,-31.0,0
-3.0,-255.0,-17.0,55.0,110.0,-31.0,0
-6.0,-250.0,-18.0,38.0,117.0,-32.0,0
-4.0,-252.0,-18.0,24.0,125.0,-33.0,0
-3.0,-253.0,-18.0,16.0,133.0,-34.0,0
-1.0,-252.0,-18.0,16.0,138.0,-34.0,0
-4.0,-250.0,-14.0,17.0,137.0,-33.0,0
-5.0,-251.0,-20.0,21.0,133.0,-32.0,0
-3.0,-249.0,-18.0,23.0,124.0,-32.0,0
-6.0,-248.0,-18.0,23.0,116.0,-29.0,0
-3.0,-248.0,-18.0,19.0,105.0,-29.0,0
-3.0,-251.0,-17.0,11.0,99.0,-27.0,0
-4.0,-251.0,-19.0,2.0,93.0,-26.0,0
-5.0,-250.0,-14.0,-3.0,89.0,-24.0,0
-1.0,-251.0,-17.0,-1.0,84.0,-23.0,0
-2.0,-252.0,-20.0,1.0,80.0,-21.0,0
-1.0,-254.0,-18.0,3.0,76.0,-20.0,0
2.0,-254.0,-23.0,2.0,72.0,-20.0,0
0.0,-250.0,-19.0,-3.0,69.0,-20.0,0
-1.0,-253.0,-19.0,-7.0,64.0,-20.0,0
2.0,-252.0,-15.0,-12.0,61.0,-21.0,0
-1.0,-252.0,-19.0,-14.0,55.0,-22.0,0
0.0,-250.0,-17.0,-10.0,50.0,-23.0,0
3.0,-252.0,-17.0,-6.0,44.0,-21.0,0
-1.0,-251.0,-17.0,1.0,39.0,-20.0,0
2.0,-252.0,-16.0,7.0,36.0,-17.0,0
3.0,-254.0,-25.0,11.0,33.0,-16.0,0
0.0,-254.0,-19.0,15.0,31.0,-14.0,0
-1.0,-251.0,-20.0,17.0,30.0,-12.0,0
1.0,-252.0,-19.0,17.0,27.0,-9.0,0
1.0,-253.0,-14.0,15.0,25.0,-5.0,0
2.0,-253.0,-13.0,15.0,22.0,-1.0,0
1.0,-249.0,-16.0,10.0,18.0,1.0,0
1.0,-249.0,-14.0,4.0,13.0,3.0,0
4.0,-250.0,-11.0,-1.0,9.0,7.0,0
0.0,-251.0,-11.0,-4.0,6.0,10.0,0
3.0,-250.0,-9.0,-7.0,5.0,9.0,0
4.0,-248.0,-10.0,-8.0,5.0,11.0,0
1.0,-254.0,-10.0,-10.0,4.0,9.0,0
1.0,-249.0,-10.0,-10.0,4.0,9.0,0
1.0,-250.0,-13.0,-12.0,7.0,9.0,0
2.0,-250.0,-17.0,-10.0,9.0,8.0,0
-2.0,-249.0,-13.0,-13.0,10.0,7.0,0
3.0,-249.0,-15.0,-13.0,11.0,6.0,0
2.0,-249.0,-17.0,-14.0,11.0,5.0,0
3.0,-248.0,-13.0,-17.0,11.0,5.0,0
3.0,-248.0,-19.0,-24.0,9.0,5.0,0
3.0,-249.0,-14.0,-30.0,8.0,4.0,0
4.0,-251.0,-13.0,-36.0,9.0,5.0,0
2.0,-248.0,-14.0,-42.0,9.0,3.0,0
3.0,-251.0,-12.0,-48.0,11.0,3.0,0
3.0,-251.0,-13.0,-52.0,12.0,0.0,0
3.0,-251.0,-11.0,-55.0,12.0,1.0,0
2.0,-252.0,-13.0,-60.0,10.0,0.0,0
2.0,-254.0,-9.0,-64.0,10.0,0.0,0
2.0,-251.0,-8.0,-65.0,9.0,-1.0,0
3.0,-254.0,-10.0,-67.0,7.0,-2.0,0
4.0,-256.0,-11.0,-69.0,4.0,1.0,0
2.0,-254.0,-12.0,-69.0,3.0,0.0,0
3.0,-255.0,-13.0,-70.0,2.0,-1.0,0
-2.0,-252.0,-16.0,-72.0,3.0,0.0,0
2.0,-252.0,-12.0,-73.0,5.0,-1.0,0
-1.0,-253.0,-15.0,-71.0,6.0,-3.0,0
3.0,-254.0,-16.0,-69.0,8.0,-3.0,0
1.0,-254.0,-18.0,-67.0,10.0,-3.0,0
0.0,-252.0,-17.0,-65.0,10.0,-4.0,0
1.0,-253.0,-13.0,-64.0,9.0,-6.0,0
3.0,-252.0,-18.0,-61.0,7.0,-6.0,0
-1.0,-253.0,-16.0,-59.0,4.0,-6.0,0
3.0,-254.0,-18.0,-57.0,1.0,-7.0,0
1.0,-256.0,-19.0,-55.0,0.0,-6.0,0
3.0,-255.0,-22.0,-50.0,-1.0,-6.0,0
3.0,-256.0,-15.0,-48.0,1.0,-7.0,0
6.0,-257.0,-15.0,-46.0,3.0,-7.0,0
5.0,-255.0,-15.0,-43.0,8.0,-7.0,0
3.0,-254.0,-16.0,-39.0,11.0,-7.0,0
6.0,-252.0,-15.0,-34.0,12.0,-6.0,0
3.0,-254.0,-11.0,-28.0,12.0,-5.0,0
3.0,-252.0,-15.0,-24.0,13.0,-1.0,0
3.0,-254.0,-15.0,-23.0,12.0,-1.0,0
3.0,-252.0,-15.0,-25.0,8.0,0.0,0
3.0,-256.0,-14.0,-25.0,5.0,2.0,0
-1.0,-255.0,-11.0,-26.0,4.0,6.0,0
1.0,-256.0,-17.0,-25.0,0.0,10.0,0
2.0,-255.0,-13.0,-24.0,-1.0,11.0,0
-2.0,-254.0,-12.0,-21.0,-3.0,12.0,0
0.0,-255.0,-16.0,-22.0,-6.0,16.0,0
0.0,-255.0,-15.0,-21.0,-8.0,15.0,0
0.0,-254.0,-15.0,-20.0,-13.0,16.0,0
-1.0,-253.0,-12.0,-18.0,-17.0,18.0,0
0.0,-254.0,-14.0,-16.0,-21.0,19.0,0
1.0,-250.0,-15.0,-16.0,-23.0,17.0,0
0.0,-250.0,-16.0,-16.0,-24.0,17.0,0
-2.0,-250.0,-14.0,-18.0,-23.0,17.0,0
0.0,-251.0,-15.0,-20.0,-23.0,14.0,0
0.0,-249.0,-16.0,-19.0,-21.0,14.0,0
0.0,-251.0,-13.0,-19.0,-18.0,13.0,0
1.0,-249.0,-16.0,-18.0,-17.0,10.0,0
5.0,-254.0,-13.0,-20.0,-15.0,9.0,0
1.0,-254.0,-12.0,-20.0,-13.0,9.0,0
1.0,-252.0,-16.0,-19.0,-12.0,7.0,0
2.0,-254.0,-11.0,-15.0,-12.0,8.0,0
1.0,-251.0,-14.0,-12.0,-14.0,8.0,0
2.0,-250.0,-13.0,-8.0,-16.0,9.0,0
1.0,-252.0,-11.0,-7.0,-21.0,10.0,0
0.0,-251.0,-12.0,-7.0,-26.0,11.0,0
-1.0,-253.0,-12.0,-9.0,-30.0,14.0,0
-1.0,-251.0,-14.0,-12.0,-37.0,14.0,0
-4.0,-251.0,-11.0,-17.0,-42.0,17.0,0
-3.0,-250.0,-9.0,-20.0,-45.0,19.0,0
-1.0,-253.0,-15.0,-25.0,-50.0,22.0,0
-2.0,-251.0,-13.0,-30.0,-51.0,22.0,0
0.0,-253.0,-14.0,-33.0,-51.0,25.0,0
-2.0,-253.0,-13.0,-38.0,-53.0,25.0,0
-1.0,-250.0,-8.0,-45.0,-55.0,28.0,0
0.0,-252.0,-14.0,-47.0,-58.0,27.0,0
-2.0,-249.0,-12.0,-51.0,-62.0,28.0,0
-4.0,-247.0,-14.0,-56.0,-66.0,27.0,0
-1.0,-248.0,-9.0,-62.0,-70.0,28.0,0
-3.0,-247.0,-12.0,-66.0,-71.0,26.0,0
-4.0,-251.0,-10.0,-68.0,-70.0,25.0,0
0.0,-251.0,-10.0,-65.0,-72.0,23.0,0
-3.0,-254.0,-12.0,-63.0,-69.0,21.0,0
-3.0,-251.0,-10.0,-61.0,-68.0,19.0,0
2.0,-255.0,-15.0,-58.0,-65.0,18.0,0
-3.0,-253.0,-7.0,-52.0,-63.0,17.0,0
1.0,-254.0,-12.0,-51.0,-60.0,15.0,0
1.0,-252.0,-13.0,-46.0,-59.0,14.0,0
2.0,-252.0,-8.0,-45.0,-59.0,13.0,0
2.0,-251.0,-14.0,-47.0,-58.0,12.0,0
4.0,-253.0,-13.0,-47.0,-58.0,12.0,0
2.0,-252.0,-12.0,-48.0,-61.0,12.0,0
1.0,-252.0,-9.0,-47.0,-62.0,13.0,0
2.0,-253.0,-9.0,-48.0,-64.0,12.0,0
-2.0,-253.0,-11.0,-48.0,-66.0,13.0,0
1.0,-253.0,-12.0,-49.0,-68.0,13.0,0
2.0,-255.0,-13.0,-51.0,-70.0,14.0,0
1.0,-255.0,-7.0,-51.0,-70.0,14.0,0
0.0,-255.0,-11.0,-51.0,-72.0,14.0,0
1.0,-257.0,-9.0,-50.0,-69.0,13.0,0
2.0,-254.0,-14.0,-46.0,-67.0,13.0,0
2.0,-252.0,-17.0,-45.0,-64.0,12.0,0
3.0,-254.0,-11.0,-44.0,-60.0,11.0,0
3.0,-251.0,-11.0,-41.0,-57.0,10.0,0
3.0,-249.0,-13.0,-42.0,-54.0,8.0,0
3.0,-253.0,-11.0,-42.0,-50.0,7.0,0
4.0,-249.0,-14.0,-44.0,-45.0,4.0,0
4.0,-254.0,-14.0,-42.0,-41.0,3.0,0
5.0,-255.0,-11.0,-39.0,-37.0,1.0,0
4.0,-255.0,-18.0,-36.0,-34.0,-2.0,0
3.0,-253.0,-11.0,-33.0,-30.0,-1.0,0
2.0,-255.0,-11.0,-32.0,-29.0,-3.0,0
3.0,-251.0,-12.0,-30.0,-27.0,-2.0,0
4.0,-251.0,-11.0,-25.0,-24.0,-2.0,0
1.0,-251.0,-16.0,-22.0,-23.0,-2.0,0
3.0,-254.0,-14.0,-23.0,-24.0,-1.0,0
3.0,-253.0,-13.0,-25.0,-26.0,-2.0,0
-1.0,-255.0,-10.0,-28.0,-26.0,-3.0,0
0.0,-252.0,-9.0,-29.0,-25.0,-3.0,0
4.0,-253.0,-17.0,-29.0,-25.0,-4.0,0
5.0,-256.0,-17.0,-24.0,-25.0,-4.0,0
5.0,-255.0,-13.0,-17.0,-22.0,-3.0,0
5.0,-256.0,-13.0,-14.0,-19.0,-2.0,0
2.0,-254.0,-12.0,-7.0,-16.0,-3.0,0
3.0,-254.0,-16.0,-2.0,-14.0,-3.0,0
1.0,-252.0,-13.0,0.0,-11.0,-5.0,0
1.0,-250.0,-14.0,1.0,-8.0,-5.0,0
1.0,-251.0,-14.0,-1.0,-6.0,-7.0,0
4.0,-251.0,-11.0,-3.0,-4.0,-8.0,0
3.0,-251.0,-13.0,-8.0,-3.0,-11.0,0
4.0,-254.0,-12.0,-12.0,-1.0,-12.0,0
3.0,-253.0,-11.0,-15.0,-1.0,-13.0,0
3.0,-250.0,-8.0,-17.0,-1.0,-15.0,0
2.0,-250.0,-13.0,-16.0,-1.0,-17.0,0
3.0,-250.0,-13.0,-15.0,3.0,-17.0,0
6.0,-250.0,-13.0,-13.0,7.0,-18.0,0
3.0,-249.0,-11.0,-13.0,9.0,-16.0,0
1.0,-252.0,-11.0,-13.0,9.0,-14.0,0
3.0,-251.0,-14.0,-14.0,9.0,-14.0,0
4.0,-249.0,-11.0,-15.0,7.0,-13.0,0
3.0,-250.0,-10.0,-17.0,5.0,-11.0,0
2.0,-248.0,-12.0,-20.0,2.0,-8.0,0
1.0,-250.0,-11.0,-20.0,-2.0,-7.0,0
0.0,-252.0,-13.0,-21.0,-5.0,-4.0,0
1.0,-251.0,-10.0,-21.0,-7.0,-2.0,0
0.0,-252.0,-16.0,-23.0,-12.0,0.0,0
1.0,-252.0,-9.0,-23.0,-12.0,0.0,0
3.0,-252.0,-15.0,-24.0,-11.0,1.0,0
2.0,-251.0,-11.0,-23.0,-11.0,2.0,0
0.0,-255.0,-3.0,-23.0,-9.0,2.0,0
2.0,-253.0,-10.0,-24.0,-6.0,1.0,0
4.0,-250.0,-6.0,-29.0,-7.0,2.0,0
2.0,-252.0,-10.0,-33.0,-5.0,0.0,0
3.0,-251.0,-11.0,-36.0,-3.0,0.0,0
4.0,-253.0,-7.0,-40.0,0.0,-2.0,0
3.0,-252.0,-9.0,-40.0,1.0,-2.0,0
5.0,-254.0,-7.0,-40.0,2.0,-2.0,0
1.0,-255.0,-8.0,-39.0,1.0,-2.0,0
3.0,-252.0,-6.0,-41.0,2.0,-2.0,0
2.0,-253.0,-8.0,-37.0,2.0,-3.0,0
-2.0,-253.0,-5.0,-35.0,3.0,-3.0,0
3.0,-254.0,-10.0,-33.0,5.0,-2.0,0
3.0,-251.0,-9.0,-31.0,5.0,-3.0,0
4.0,-252.0,-12.0,-30.0,7.0,-3.0,0
1.0,-249.0,-11.0,-30.0,9.0,-4.0,0
5.0,-250.0,-14.0,-30.0,9.0,-4.0,0
4.0,-251.0,-8.0,-30.0,10.0,-4.0,0
4.0,-251.0,-10.0,-31.0,12.0,-7.0,0
3.0,-250.0,-9.0,-32.0,11.0,-5.0,0
7.0,-253.0,-11.0,-38.0,12.0,-3.0,0
3.0,-252.0,-11.0,-41.0,13.0,-4.0,0
7.0,-252.0,-10.0,-44.0,15.0,-3.0,0
4.0,-254.0,-16.0,-49.0,17.0,-3.0,0
1.0,-253.0,-15.0,-54.0,17.0,-1.0,0
2.0,-254.0,-9.0,-55.0,20.0,-1.0,0
6.0,-255.0,-10.0,-51.0,22.0,-1.0,0
4.0,-253.0,-11.0,-45.0,23.0,-1.0,0
2.0,-255.0,-16.0,-41.0,27.0,-1.0,0
4.0,-254.0,-9.0,-36.0,27.0,-1.0,0
4.0,-252.0,-16.0,-33.0,27.0,-2.0,0
4.0,-249.0,-10.0,-33.0,27.0,-4.0,0
4.0,-249.0,-12.0,-34.0,26.0,-3.0,0
1.0,-249.0,-12.0,-39.0,23.0,-4.0,0
4.0,-248.0,-11.0,-43.0,25.0,-5.0,0
5.0,-254.0,-9.0,-50.0,23.0,-5.0,0
1.0,-248.0,-9.0,-56.0,23.0,-8.0,0
1.0,-250.0,-13.0,-58.0,24.0,-6.0,0
4.0,-252.0,-11.0,-58.0,26.0,-7.0,0
4.0,-249.0,-13.0,-56.0,30.0,-8.0,0
5.0,-253.0,-11.0,-55.0,33.0,-9.0,0
3.0,-251.0,-10.0,-52.0,36.0,-11.0,0
5.0,-250.0,-11.0,-49.0,38.0,-9.0,0
4.0,-251.0,-10.0,-50.0,39.0,-9.0,0
2.0,-249.0,-8.0,-49.0,38.0,-9.0,0
3.0,-250.0,-10.0,-48.0,38.0,-8.0,0
4.0,-252.0,-6.0,-48.0,37.0,-9.0,0
3.0,-251.0,-8.0,-49.0,40.0,-8.0,0
5.0,-253.0,-9.0,-53.0,40.0,-10.0,0
5.0,-251.0,-14.0,-56.0,40.0,-8.0,0
2.0,-253.0,-8.0,-58.0,42.0,-8.0,0
1.0,-251.0,-7.0,-63.0,45.0,-6.0,0
5.0,-254.0,-9.0,-64.0,47.0,-6.0,0
6.0,-255.0,-11.0,-65.0,48.0,-5.0,0
5.0,-257.0,-6.0,-65.0,48.0,-6.0,0
8.0,-252.0,-9.0,-64.0,48.0,-6.0,0
6.0,-254.0,-6.0,-65.0,49.0,-5.0,0
2.0,-250.0,-9.0,-64.0,47.0,-5.0,0
6.0,-252.0,-5.0,-65.0,45.0,-6.0,0
5.0,-251.0,-10.0,-62.0,45.0,-7.0,0
7.0,-252.0,-14.0,-61.0,45.0,-7.0,0
4.0,-252.0,-9.0,-57.0,47.0,-9.0,0
3.0,-252.0,-12.0,-55.0,48.0,-6.0,0
2.0,-249.0,-10.0,-50.0,52.0,-7.0,0
4.0,-251.0,-13.0,-47.0,54.0,-9.0,0
5.0,-250.0,-11.0,-47.0,56.0,-8.0,0
0.0,-248.0,-10.0,-47.0,58.0,-10.0,0
0.0,-248.0,-11.0,-50.0,58.0,-10.0,0
2.0,-248.0,-10.0,-55.0,60.0,-11.0,0
2.0,-249.0,-7.0,-57.0,59.0,-12.0,0
2.0,-251.0,-13.0,-57.0,57.0,-12.0,0
0.0,-249.0,-10.0,-55.0,56.0,-13.0,0
2.0,-251.0,-9.0,-54.0,52.0,-13.0,0
0.0,-250.0,-11.0,-52.0,49.0,-13.0,0
1.0,-249.0,-7.0,-53.0,48.0,-14.0,0
0.0,-250.0,-7.0,-52.0,46.0,-13.0,0
2.0,-253.0,-11.0,-53.0,43.0,-13.0,0
0.0,-249.0,-11.0,-56.0,42.0,-13.0,0
1.0,-250.0,-11.0,-59.0,43.0,-12.0,0
-2.0,-252.0,-10.0,-61.0,43.0,-13.0,0
-1.0,-251.0,-13.0,-67.0,43.0,-11.0,0
-4.0,-251.0,-11.0,-70.0,43.0,-12.0,0
1.0,-252.0,-11.0,-74.0,41.0,-12.0,0
1.0,-252.0,-9.0,-78.0,37.0,-11.0,0
-2.0,-250.0,-11.0,-79.0,33.0,-9.0,0
-1.0,-253.0,-4.0,-81.0,28.0,-6.0,0
0.0,-251.0,-11.0,-81.0,25.0,-7.0,0
-5.0,-253.0,-6.0,-79.0,21.0,-4.0,0
1.0,-252.0,-11.0,-79.0,19.0,-3.0,0
2.0,-253.0,-13.0,-79.0,19.0,-2.0,0
-2.0,-254.0,-16.0,-81.0,16.0,-1.0,0
-3.0,-249.0,-11.0,-79.0,15.0,-1.0,0
-1.0,-255.0,-11.0,-78.0,15.0,0.0,0
1.0,-252.0,-10.0,-76.0,13.0,-1.0,0
2.0,-255.0,-11.0,-76.0,13.0,0.0,0
0.0,-254.0,-11.0,-74.0,14.0,0.0,0
-1.0,-253.0,-10.0,-74.0,12.0,1.0,0
2.0,-253.0,-11.0,-71.0,9.0,2.0,0
3.0,-258.0,-13.0,-69.0,9.0,1.0,0
-3.0,-250.0,-14.0,-66.0,7.0,2.0,0
1.0,-253.0,-15.0,-61.0,4.0,4.0,0
0.0,-252.0,-14.0,-62.0,2.0,6.0,0
1.0,-252.0,-11.0,-62.0,0.0,4.0,0
0.0,-253.0,-12.0,-65.0,-2.0,5.0,0
-1.0,-252.0,-17.0,-69.0,-1.0,6.0,0
0.0,-253.0,-12.0,-75.0,-4.0,5.0,0
2.0,-252.0,-13.0,-77.0,-3.0,6.0,0
0.0,-253.0,-11.0,-79.0,-4.0,5.0,0
0.0,-253.0,-13.0,-77.0,-3.0,3.0,0
-2.0,-255.0,-15.0,-75.0,-1.0,4.0,0
0.0,-253.0,-13.0,-73.0,0.0,2.0,0
-1.0,-255.0,-10.0,-69.0,1.0,0.0,0
1.0,-252.0,-12.0,-66.0,0.0,1.0,0
-2.0,-253.0,-11.0,-61.0,1.0,0.0,0
-3.0,-253.0,-13.0,-58.0,-1.0,1.0,0
-2.0,-252.0,-14.0,-56.0,-1.0,1.0,0
-1.0,-253.0,-15.0,-55.0,1.0,-2.0,0
3.0,-251.0,-14.0,-55.0,1.0,0.0,0
1.0,-257.0,-10.0,-56.0,4.0,-2.0,0
0.0,-250.0,-15.0,-55.0,5.0,-2.0,0
-2.0,-250.0,-12.0,-55.0,5.0,-1.0,0
0.0,-249.0,-10.0,-53.0,5.0,-1.0,0
0.0,-251.0,-7.0,-53.0,8.0,-1.0,0
-1.0,-251.0,-13.0,-52.0,8.0,0.0,0
-2.0,-252.0,-10.0,-50.0,6.0,4.0,0
-1.0,-251.0,-13.0,-48.0,3.0,4.0,0
-1.0,-253.0,-10.0,-48.0,2.0,5.0,0
-1.0,-253.0,-15.0,-45.0,-1.0,6.0,0
-1.0,-254.0,-12.0,-44.0,-2.0,5.0,0
1.0,-252.0,-13.0,-41.0,-3.0,5.0,0
2.0,-252.0,-19.0,-40.0,-2.0,5.0,0
0.0,-253.0,-16.0,-36.0,-4.0,5.0,0
0.0,-255.0,-17.0,-35.0,-6.0,6.0,0
-1.0,-250.0,-9.0,-35.0,-5.0,6.0,0
2.0,-252.0,-14.0,-37.0,-4.0,5.0,0
3.0,-254.0,-15.0,-40.0,-3.0,4.0,0
-2.0,-251.0,-14.0,-46.0,-3.0,5.0,0
-2.0,-250.0,-15.0,-51.0,-3.0,6.0,0
-2.0,-251.0,-12.0,-54.0,-2.0,5.0,0
0.0,-254.0,-16.0,-56.0,-2.0,6.0,0
1.0,-250.0,-13.0,-53.0,-2.0,6.0,0
1.0,-253.0,-14.0,-49.0,0.0,6.0,0
-5.0,-251.0,-8.0,-44.0,-1.0,6.0,0
3.0,-253.0,-14.0,-39.0,-1.0,5.0,0
-1.0,-250.0,-15.0,-37.0,-2.0,6.0,0
-1.0,-250.0,-11.0,-35.0,-3.0,5.0,0
2.0,-249.0,-11.0,-33.0,-3.0,6.0,0
-1.0,-251.0,-14.0,-32.0,-1.0,6.0,0
1.0,-250.0,-9.0,-33.0,-1.0,5.0,0
3.0,-252.0,-11.0,-35.0,0.0,5.0,0
2.0,-252.0,-14.0,-36.0,1.0,4.0,0
0.0,-252.0,-14.0,-39.0,2.0,4.0,0
1.0,-251.0,-11.0,-40.0,2.0,4.0,0
-4.0,-250.0,-10.0,-42.0,2.0,4.0,0
1.0,-254.0,-10.0,-42.0,0.0,5.0,0
0.0,-253.0,-17.0,-41.0,0.0,4.0,0
0.0,-253.0,-13.0,-39.0,-1.0,2.0,0
0.0,-253.0,-14.0,-38.0,-2.0,2.0,0
0.0,-251.0,-12.0,-37.0,-1.0,1.0,0
1.0,-253.0,-18.0,-39.0,-4.0,2.0,0
3.0,-256.0,-15.0,-39.0,-4.0,2.0,0
-1.0,-252.0,-16.0,-43.0,-3.0,1.0,0
0.0,-251.0,-15.0,-44.0,-4.0,1.0,0
-1.0,-256.0,-16.0,-45.0,-4.0,0.0,0
2.0,-255.0,-7.0,-46.0,-2.0,1.0,0
1.0,-254.0,-13.0,-48.0,-2.0,1.0,0
3.0,-253.0,-15.0,-43.0,-2.0,1.0,0
2.0,-253.0,-13.0,-41.0,-2.0,2.0,0
0.0,-254.0,-11.0,-35.0,-1.0,1.0,0
-1.0,-253.0,-15.0,-31.0,-2.0,2.0,0
0.0,-250.0,-15.0,-29.0,-2.0,2.0,0
0.0,-252.0,-16.0,-30.0,-2.0,3.0,0
2.0,-254.0,-16.0,-26.0,-1.0,3.0,0
3.0,-256.0,-11.0,-27.0,-2.0,0.0,0
1.0,-255.0,-10.0,-26.0,-3.0,0.0,0
-2.0,-251.0,-11.0,-27.0,-3.0,0.0,0
0.0,-250.0,-12.0,-29.0,-3.0,-1.0,0
2.0,-251.0,-11.0,-33.0,-6.0,1.0,0
4.0,-249.0,-9.0,-34.0,-7.0,0.0,0
-1.0,-249.0,-9.0,-36.0,-9.0,2.0,0
-1.0,-252.0,-12.0,-38.0,-12.0,2.0,0
0.0,-251.0,-11.0,-43.0,-14.0,3.0,0
0.0,-253.0,-16.0,-44.0,-15.0,3.0,0
2.0,-253.0,-7.0,-46.0,-17.0,3.0,0
-1.0,-252.0,-9.0,-47.0,-15.0,3.0,0
6.0,-257.0,-16.0,-45.0,-14.0,4.0,0
-1.0,-252.0,-17.0,-45.0,-13.0,4.0,0
2.0,-251.0,-9.0,-43.0,-12.0,3.0,0
3.0,-256.0,-14.0,-42.0,-10.0,3.0,0
1.0,-250.0,-16.0,-40.0,-9.0,2.0,0
-1.0,-251.0,-14.0,-41.0,-7.0,3.0,0
0.0,-252.0,-12.0,-37.0,-7.0,4.0,0
1.0,-253.0,-16.0,-35.0,-7.0,5.0,0
-1.0,-250.0,-17.0,-32.0,-10.0,5.0,0
0.0,-253.0,-16.0,-31.0,-11.0,6.0,0
2.0,-255.0,-17.0,-31.0,-13.0,7.0,0
1.0,-254.0,-15.0,-33.0,-15.0,6.0,0
-2.0,-252.0,-16.0,-34.0,-14.0,7.0,0
1.0,-250.0,-15.0,-33.0,-13.0,7.0,0
0.0,-251.0,-14.0,-33.0,-11.0,5.0,0
2.0,-250.0,-14.0,-32.0,-11.0,4.0,0
4.0,-252.0,-9.0,-30.0,-9.0,4.0,0
0.0,-250.0,-14.0,-27.0,-10.0,4.0,0
2.0,-250.0,-10.0,-28.0,-9.0,3.0,0
1.0,-249.0,-12.0,-27.0,-8.0,3.0,0
3.0,-253.0,-10.0,-28.0,-8.0,1.0,0
3.0,-250.0,-11.0,-29.0,-7.0,0.0,0
0.0,-251.0,-13.0,-31.0,-7.0,-1.0,0
2.0,-250.0,-12.0,-36.0,-4.0,-1.0,0
3.0,-252.0,-15.0,-39.0,-4.0,-2.0,0
0.0,-250.0,-16.0,-42.0,-2.0,-1.0,0
1.0,-251.0,-15.0,-43.0,-2.0,-3.0,0
-1.0,-249.0,-12.0,-43.0,0.0,-2.0,0
0.0,-250.0,-15.0,-45.0,1.0,-3.0,0
1.0,-252.0,-9.0,-45.0,2.0,-2.0,0
1.0,-251.0,-9.0,-45.0,4.0,-3.0,0
1.0,-249.0,-13.0,-45.0,3.0,-4.0,0
0.0,-251.0,-12.0,-44.0,5.0,-3.0,0
0.0,-250.0,-9.0,-44.0,7.0,-3.0,0
-1.0,-250.0,-10.0,-44.0,8.0,-2.0,0
2.0,-251.0,-12.0,-46.0,9.0,-2.0,0
1.0,-251.0,-12.0,-47.0,10.0,-3.0,0
2.0,-252.0,-14.0,-46.0,10.0,-3.0,0
4.0,-253.0,-10.0,-47.0,10.0,-3.0,0
2.0,-253.0,-12.0,-50.0,11.0,-2.0,0
-1.0,-251.0,-9.0,-52.0,10.0,-2.0,0
1.0,-253.0,-12.0,-54.0,11.0,0.0,0
3.0,-255.0,-13.0,-53.0,11.0,-1.0,0
1.0,-251.0,-11.0,-51.0,12.0,-1.0,0
2.0,-254.0,-12.0,-52.0,13.0,-2.0,0
1.0,-253.0,-9.0,-51.0,12.0,0.0,0
0.0,-251.0,-12.0,-49.0,10.0,-1.0,0
0.0,-253.0,-11.0,-47.0,7.0,-1.0,0
1.0,-252.0,-15.0,-48.0,6.0,-1.0,0
-1.0,-252.0,-11.0,-49.0,7.0,0.0,0
0.0,-251.0,-12.0,-49.0,6.0,-1.0,0
2.0,-251.0,-14.0,-53.0,7.0,0.0,0
2.0,-249.0,-11.0,-58.0,8.0,-1.0,0
2.0,-254.0,-19.0,-57.0,11.0,-1.0,0
3.0,-255.0,-13.0,-56.0,14.0,-2.0,0
0.0,-253.0,-12.0,-54.0,16.0,0.0,0
3.0,-246.0,-13.0,-51.0,18.0,-1.0,0
3.0,-252.0,-11.0,-47.0,20.0,-3.0,0
2.0,-253.0,-9.0,-43.0,20.0,-2.0,0
-3.0,-253.0,-9.0,-37.0,17.0,-2.0,0
2.0,-254.0,-15.0,-33.0,15.0,-2.0,0
0.0,-252.0,-11.0,-29.0,14.0,-2.0,0
-1.0,-252.0,-13.0,-27.0,11.0,-3.0,0
-1.0,-253.0,-12.0,-27.0,12.0,-3.0,0
-2.0,-252.0,-15.0,-26.0,12.0,-2.0,0
0.0,-253.0,-14.0,-30.0,12.0,-2.0,0
-1.0,-252.0,-13.0,-37.0,11.0,-3.0,0
-1.0,-248.0,-9.0,-42.0,11.0,-3.0,0
1.0,-251.0,-11.0,-47.0,13.0,-3.0,0
-1.0,-254.0,-14.0,-52.0,13.0,-2.0,0
-1.0,-252.0,-12.0,-52.0,12.0,-3.0,0
0.0,-252.0,-11.0,-53.0,12.0,-3.0,0
0.0,-256.0,-11.0,-52.0,12.0,-1.0,0
0.0,-252.0,-13.0,-50.0,10.0,0.0,0
3.0,-254.0,-12.0,-50.0,8.0,-1.0,0
-1.0,-249.0,-14.0,-46.0,7.0,-2.0,0
-1.0,-251.0,-15.0,-46.0,6.0,-1.0,0
-1.0,-255.0,-12.0,-46.0,6.0,-2.0,0
-3.0,-252.0,-17.0,-46.0,6.0,-2.0,0
-1.0,-253.0,-12.0,-45.0,8.0,-2.0,0
2.0,-253.0,-11.0,-44.0,7.0,-3.0,0
-1.0,-252.0,-15.0,-43.0,9.0,-2.0,0
-2.0,-250.0,-18.0,-44.0,10.0,-2.0,0
0.0,-250.0,-12.0,-43.0,12.0,-3.0,0
1.0,-253.0,-15.0,-43.0,13.0,-4.0,0
3.0,-253.0,-12.0,-43.0,14.0,-5.0,0
2.0,-254.0,-17.0,-41.0,16.0,-4.0,0
1.0,-254.0,-11.0,-37.0,17.0,-5.0,0
1.0,-250.0,-13.0,-36.0,18.0,-6.0,0
2.0,-250.0,-16.0,-33.0,17.0,-8.0,0
1.0,-253.0,-14.0,-34.0,16.0,-7.0,0
-4.0,-249.0,-17.0,-33.0,16.0,-7.0,0
3.0,-255.0,-11.0,-31.0,16.0,-8.0,0
0.0,-251.0,-15.0,-32.0,16.0,-8.0,0
-2.0,-252.0,-14.0,-32.0,14.0,-9.0,0
-1.0,-254.0,-13.0,-35.0,13.0,-8.0,0
-2.0,-249.0,-12.0,-37.0,13.0,-6.0,0
1.0,-251.0,-13.0,-41.0,12.0,-8.0,0
0.0,-251.0,-8.0,-45.0,12.0,-7.0,0
4.0,-246.0,-17.0,-48.0,12.0,-6.0,0
-1.0,-252.0,-15.0,-49.0,12.0,-6.0,0
-2.0,-255.0,-10.0,-48.0,13.0,-4.0,0
0.0,-252.0,-11.0,-48.0,15.0,-5.0,0
0.0,-250.0,-10.0,-45.0,14.0,-4.0,0
-1.0,-252.0,-11.0,-42.0,14.0,-4.0,0
2.0,-253.0,-10.0,-39.0,14.0,-4.0,0
0.0,-250.0,-13.0,-35.0,13.0,-3.0,0
-1.0,-250.0,-11.0,-31.0,13.0,-3.0,0
2.0,-252.0,-12.0,-30.0,13.0,-4.0,0
-2.0,-250.0,-11.0,-33.0,13.0,-5.0,0
1.0,-255.0,-15.0,-34.0,14.0,-6.0,0
-1.0,-250.0,-14.0,-36.0,17.0,-7.0,0
0.0,-251.0,-12.0,-38.0,16.0,-7.0,0
-1.0,-254.0,-10.0,-39.0,15.0,-7.0,0
2.0,-255.0,-13.0,-41.0,15.0,-7.0,0
-3.0,-250.0,-9.0,-42.0,15.0,-9.0,0
0.0,-253.0,-10.0,-43.0,14.0,-9.0,0
-2.0,-255.0,-12.0,-43.0,16.0,-9.0,0
3.0,-252.0,-15.0,-42.0,16.0,-7.0,0
3.0,-253.0,-14.0,-41.0,14.0,-8.0,0
0.0,-253.0,-11.0,-41.0,15.0,-9.0,0
-2.0,-256.0,-6.0,-41.0,15.0,-7.0,0
0.0,-252.0,-8.0,-43.0,15.0,-8.0,0
-1.0,-251.0,-14.0,-44.0,15.0,-9.0,0
0.0,-250.0,-10.0,-43.0,17.0,-8.0,0
1.0,-251.0,-15.0,-44.0,18.0,-9.0,0
2.0,-254.0,-10.0,-45.0,18.0,-6.0,0
-2.0,-252.0,-11.0,-44.0,18.0,-7.0,0
-1.0,-253.0,-8.0,-45.0,19.0,-6.0,0
-1.0,-253.0,-15.0,-45.0,19.0,-6.0,0
-1.0,-251.0,-12.0,-44.0,18.0,-6.0,0
1.0,-252.0,-14.0,-45.0,18.0,-7.0,0
0.0,-253.0,-15.0,-42.0,19.0,-5.0,0
-1.0,-250.0,-13.0,-40.0,19.0,-6.0,0
1.0,-251.0,-10.0,-37.0,18.0,-6.0,0
0.0,-250.0,-10.0,-35.0,20.0,-6.0,0
1.0,-250.0,-12.0,-34.0,17.0,-6.0,0
-1.0,-250.0,-10.0,-34.0,19.0,-5.0,0
1.0,-253.0,-12.0,-38.0,20.0,-4.0,0
1.0,-252.0,-9.0,-38.0,20.0,-6.0,0
0.0,-251.0,-15.0,-40.0,21.0,-5.0,0
2.0,-253.0,-11.0,-42.0,20.0,-5.0,0
0.0,-252.0,-10.0,-45.0,20.0,-4.0,0
0.0,-248.0,-21.0,-47.0,19.0,-4.0,0
1.0,-249.0,-13.0,-47.0,20.0,-2.0,0
1.0,-255.0,-11.0,-47.0,18.0,-4.0,0
0.0,-251.0,-10.0,-45.0,18.0,-3.0,0
0.0,-251.0,-13.0,-47.0,19.0,-4.0,0
0.0,-251.0,-14.0,-48.0,18.0,-4.0,0
-2.0,-251.0,-7.0,-51.0,17.0,-3.0,0
1.0,-251.0,-12.0,-54.0,17.0,-3.0,0
-1.0,-251.0,-11.0,-58.0,17.0,-5.0,0
-3.0,-250.0,-11.0,-59.0,19.0,-5.0,0
2.0,-252.0,-11.0,-56.0,19.0,-6.0,0
0.0,-249.0,-13.0,-53.0,21.0,-7.0,0
2.0,-253.0,-16.0,-50.0,22.0,-6.0,0
-1.0,-252.0,-10.0,-46.0,22.0,-6.0,0
1.0,-250.0,-13.0,-44.0,22.0,-7.0,0
0.0,-250.0,-11.0,-40.0,21.0,-6.0,0
2.0,-249.0,-14.0,-38.0,18.0,-7.0,0
0.0,-253.0,-6.0,-37.0,15.0,-6.0,0
-2.0,-250.0,-13.0,-37.0,12.0,-7.0,0
-2.0,-251.0,-11.0,-36.0,11.0,-4.0,0
1.0,-253.0,-11.0,-38.0,10.0,-4.0,0
1.0,-253.0,-13.0,-42.0,9.0,-4.0,0
1.0,-256.0,-10.0,-47.0,9.0,-3.0,0
-2.0,-253.0,-7.0,-51.0,11.0,-3.0,0
-1.0,-251.0,-11.0,-53.0,11.0,-2.0,0
4.0,-252.0,-10.0,-56.0,9.0,-1.0,0
-1.0,-252.0,-10.0,-58.0,10.0,-2.0,0
0.0,-254.0,-10.0,-59.0,10.0,-1.0,0
-3.0,-254.0,-11.0,-60.0,11.0,-1.0,0
0.0,-251.0,-13.0,-59.0,9.0,-1.0,0
2.0,-255.0,-14.0,-60.0,9.0,-2.0,0
0.0,-253.0,-11.0,-57.0,8.0,-1.0,0
0.0,-253.0,-11.0,-56.0,8.0,-2.0,0
-1.0,-254.0,-15.0,-54.0,9.0,-2.0,0
0.0,-255.0,-13.0,-54.0,10.0,-2.0,0
0.0,-254.0,-11.0,-52.0,11.0,-1.0,0
0.0,-254.0,-15.0,-52.0,12.0,-1.0,0
2.0,-251.0,-15.0,-50.0,14.0,-1.0,0
1.0,-253.0,-14.0,-48.0,14.0,-2.0,0
1.0,-254.0,-12.0,-44.0,12.0,-1.0,0
-2.0,-251.0,-12.0,-38.0,11.0,0.0,0
0.0,-250.0,-15.0,-34.0,9.0,-1.0,0
1.0,-253.0,-11.0,-31.0,7.0,0.0,0
2.0,-252.0,-15.0,-28.0,6.0,2.0,0
-4.0,-255.0,-17.0,-28.0,5.0,0.0,0
0.0,-251.0,-11.0,-28.0,7.0,0.0,0
0.0,-251.0,-14.0,-31.0,6.0,0.0,0
-1.0,-250.0,-17.0,-31.0,8.0,-2.0,0
0.0,-251.0,-11.0,-33.0,8.0,-2.0,0
0.0,-251.0,-13.0,-39.0,10.0,-2.0,0
2.0,-252.0,-16.0,-42.0,11.0,-3.0,0
1.0,-250.0,-12.0,-44.0,12.0,-3.0,0
-2.0,-249.0,-8.0,-46.0,14.0,-3.0,0
0.0,-252.0,-13.0,-46.0,14.0,-4.0,0
-2.0,-249.0,-10.0,-44.0,13.0,-4.0,0
-3.0,-251.0,-8.0,-45.0,11.0,-4.0,0
-3.0,-250.0,-12.0,-43.0,10.0,-4.0,0
0.0,-250.0,-11.0,-42.0,9.0,-2.0,0
1.0,-253.0,-9.0,-38.0,10.0,-3.0,0
1.0,-250.0,-12.0,-38.0,8.0,-4.0,0
1.0,-251.0,-12.0,-38.0,8.0,-2.0,0
-1.0,-252.0,-16.0,-40.0,7.0,-2.0,0
2.0,-252.0,-12.0,-42.0,7.0,-3.0,0
2.0,-251.0,-10.0,-44.0,7.0,-3.0,0
1.0,-254.0,-12.0,-48.0,7.0,-1.0,0
-4.0,-252.0,-13.0,-49.0,8.0,0.0,0
-1.0,-253.0,-11.0,-50.0,9.0,0.0,0
0.0,-252.0,-12.0,-50.0,9.0,0.0,0
-1.0,-251.0,-11.0,-49.0,10.0,-1.0,0
1.0,-253.0,-11.0,-46.0,11.0,-1.0,0
0.0,-253.0,-13.0,-45.0,9.0,0.0,0
-1.0,-252.0,-10.0,-43.0,9.0,0.0,0
0.0,-253.0,-15.0,-41.0,8.0,-1.0,0
0.0,-254.0,-13.0,-39.0,8.0,-1.0,0
-2.0,-251.0,-12.0,-37.0,9.0,-1.0,0
2.0,-255.0,-12.0,-38.0,9.0,-1.0,0
3.0,-253.0,-14.0,-37.0,11.0,-1.0,0
0.0,-255.0,-11.0,-38.0,10.0,-1.0,0
-1.0,-250.0,-12.0,-39.0,10.0,-2.0,0
0.0,-253.0,-11.0,-41.0,11.0,-1.0,0
0.0,-252.0,-7.0,-41.0,11.0,0.0,0
-3.0,-252.0,-8.0,-41.0,12.0,2.0,0
0.0,-252.0,-15.0,-41.0,12.0,1.0,0
0.0,-252.0,-12.0,-40.0,13.0,1.0,0
2.0,-251.0,-11.0,-40.0,13.0,2.0,0
0.0,-252.0,-12.0,-36.0,13.0,-1.0,0
0.0,-250.0,-12.0,-36.0,13.0,0.0,0
0.0,-251.0,-9.0,-36.0,13.0,1.0,0
0.0,-253.0,-11.0,-39.0,12.0,-2.0,0
1.0,-251.0,-9.0,-40.0,11.0,-1.0,0
-1.0,-249.0,-10.0,-41.0,11.0,-1.0,0
0.0,-250.0,-9.0,-43.0,12.0,-1.0,0
-1.0,-252.0,-12.0,-46.0,10.0,0.0,0
1.0,-249.0,-11.0,-46.0,9.0,1.0,0
-1.0,-248.0,-10.0,-50.0,10.0,1.0,0
0.0,-253.0,-13.0,-53.0,9.0,2.0,0
2.0,-254.0,-10.0,-56.0,8.0,1.0,0
-1.0,-253.0,-14.0,-57.0,12.0,2.0,0
5.0,-251.0,-9.0,-56.0,13.0,1.0,0
-1.0,-250.0,-15.0,-54.0,14.0,0.0,0
0.0,-250.0,-10.0,-53.0,14.0,0.0,0
-1.0,-251.0,-10.0,-49.0,14.0,0.0,0
-1.0,-253.0,-10.0,-47.0,12.0,-1.0,0
-1.0,-253.0,-12.0,-45.0,10.0,-1.0,0
0.0,-250.0,-14.0,-46.0,10.0,-1.0,0
-2.0,-249.0,-12.0,-48.0,7.0,-3.0,0
-2.0,-248.0,-13.0,-52.0,6.0,-1.0,0
-1.0,-252.0,-14.0,-58.0,7.0,-2.0,0
1.0,-251.0,-12.0,-64.0,7.0,-2.0,0
1.0,-251.0,-18.0,-66.0,7.0,-3.0,0
1.0,-252.0,-14.0,-66.0,8.0,-4.0,0
2.0,-252.0,-10.0,-62.0,10.0,-5.0,0
3.0,-254.0,-11.0,-57.0,12.0,-6.0,0
-1.0,-252.0,-15.0,-52.0,13.0,-5.0,0
2.0,-252.0,-11.0,-48.0,14.0,-7.0,0
2.0,-252.0,-8.0,-44.0,13.0,-6.0,0
-1.0,-249.0,-13.0,-40.0,10.0,-5.0,0
-3.0,-254.0,-10.0,-38.0,10.0,-6.0,0
2.0,-249.0,-12.0,-37.0,9.0,-7.0,0
-1.0,-252.0,-9.0,-38.0,8.0,-6.0,0
-3.0,-248.0,-14.0,-41.0,9.0,-6.0,0
-3.0,-251.0,-15.0,-47.0,9.0,-6.0,0
1.0,-251.0,-15.0,-53.0,9.0,-5.0,0
1.0,-252.0,-16.0,-58.0,10.0,-4.0,0
1.0,-253.0,-11.0,-61.0,12.0,-5.0,0
-1.0,-253.0,-7.0,-62.0,10.0,-4.0,0
0.0,-254.0,-11.0,-61.0,10.0,-4.0,0
2.0,-255.0,-9.0,-59.0,9.0,-4.0,0
2.0,-252.0,-12.0,-59.0,9.0,-3.0,0
1.0,-252.0,-11.0,-55.0,7.0,-2.0,0
1.0,-255.0,-12.0,-54.0,7.0,-2.0,0
-1.0,-253.0,-15.0,-52.0,7.0,-3.0,0
4.0,-254.0,-10.0,-50.0,8.0,-4.0,0
0.0,-250.0,-11.0,-50.0,10.0,-2.0,0
0.0,-251.0,-13.0,-50.0,9.0,-1.0,0
2.0,-254.0,-12.0,-50.0,11.0,-2.0,0
1.0,-252.0,-13.0,-51.0,12.0,-2.0,0
0.0,-253.0,-11.0,-48.0,13.0,-3.0,0
0.0,-250.0,-11.0,-49.0,13.0,-3.0,0
-2.0,-250.0,-13.0,-47.0,14.0,-3.0,0
-6.0,-250.0,-11.0,-45.0,13.0,-3.0,0
-2.0,-251.0,-12.0,-45.0,11.0,-3.0,0
1.0,-253.0,-9.0,-44.0,11.0,-4.0,0
-1.0,-252.0,-11.0,-42.0,11.0,-4.0,0
0.0,-252.0,-15.0,-43.0,12.0,-4.0,0
-1.0,-252.0,-10.0,-43.0,11.0,-5.0,0
0.0,-253.0,-14.0,-44.0,12.0,-4.0,0
0.0,-251.0,-13.0,-43.0,12.0,-5.0,0
-1.0,-251.0,-11.0,-43.0,12.0,-5.0,0
-1.0,-251.0,-11.0,-45.0,13.0,-4.0,0
4.0,-252.0,-13.0,-45.0,13.0,-3.0,0
1.0,-252.0,-11.0,-47.0,14.0,-4.0,0
-1.0,-248.0,-11.0,-47.0,12.0,-3.0,0
-1.0,-252.0,-13.0,-51.0,11.0,-3.0,0
2.0,-252.0,-10.0,-53.0,11.0,-6.0,0
0.0,-255.0,-8.0,-55.0,11.0,-4.0,0
-1.0,-252.0,-10.0,-54.0,10.0,-4.0,0
1.0,-254.0,-11.0,-50.0,10.0,-4.0,0
2.0,-252.0,-8.0,-48.0,9.0,-4.0,0
-1.0,-250.0,-14.0,-49.0,8.0,-3.0,0
0.0,-253.0,-9.0,-49.0,10.0,-3.0,0
-2.0,-251.0,-14.0,-47.0,9.0,-3.0,0
-1.0,-251.0,-15.0,-48.0,9.0,-3.0,0
0.0,-251.0,-10.0,-49.0,9.0,-2.0,0
-3.0,-251.0,-12.0,-50.0,11.0,-2.0,0
1.0,-253.0,-15.0,-49.0,9.0,-5.0,0
-1.0,-253.0,-13.0,-47.0,9.0,-2.0,0
1.0,-252.0,-10.0,-46.0,8.0,-3.0,0
-3.0,-253.0,-8.0,-46.0,9.0,-1.0,0
0.0,-253.0,-13.0,-44.0,9.0,-2.0,0
2.0,-254.0,-11.0,-44.0,9.0,-3.0,0
-1.0,-251.0,-12.0,-41.0,9.0,-3.0,0
1.0,-252.0,-11.0,-41.0,11.0,-4.0,0
0.0,-250.0,-11.0,-41.0,11.0,-4.0,0
9.0,-253.0,-10.0,-42.0,12.0,-3.0,0
1.0,-252.0,-10.0,-43.0,13.0,-6.0,0
1.0,-250.0,-12.0,-43.0,12.0,-6.0,0
-1.0,-252.0,-10.0,-44.0,13.0,-5.0,0
1.0,-253.0,-11.0,-45.0,12.0,-5.0,0
3.0,-253.0,-14.0,-45.0,13.0,-4.0,0
4.0,-252.0,-10.0,-47.0,13.0,-5.0,0
1.0,-250.0,-10.0,-46.0,12.0,-5.0,0
3.0,-254.0,-12.0,-46.0,11.0,-4.0,0
0.0,-254.0,-15.0,-44.0,13.0,-3.0,0
1.0,-252.0,-10.0,-44.0,10.0,-3.0,0
-1.0,-254.0,-17.0,-44.0,9.0,-2.0,0
-1.0,-249.0,-12.0,-45.0,9.0,-2.0,0
-2.0,-252.0,-13.0,-46.0,8.0,-2.0,0
1.0,-252.0,-13.0,-47.0,8.0,-3.0,0
-1.0,-251.0,-12.0,-47.0,7.0,-2.0,0
1.0,-253.0,-13.0,-47.0,9.0,-1.0,0
3.0,-253.0,-13.0,-48.0,9.0,0.0,0
0.0,-252.0,-14.0,-50.0,9.0,-2.0,0
2.0,-253.0,-15.0,-50.0,7.0,-1.0,0
0.0,-252.0,-13.0,-50.0,8.0,-3.0,0
-1.0,-252.0,-14.0,-51.0,9.0,-2.0,0
-1.0,-252.0,-14.0,-49.0,10.0,-1.0,0
2.0,-251.0,-12.0,-48.0,10.0,-3.0,0
1.0,-251.0,-14.0,-46.0,12.0,-1.0,0
-1.0,-253.0,-15.0,-43.0,13.0,-1.0,0
1.0,-254.0,-10.0,-41.0,13.0,-3.0,0
0.0,-251.0,-12.0,-39.0,13.0,-2.0,0
-2.0,-250.0,-7.0,-41.0,11.0,-2.0,0
-2.0,-249.0,-15.0,-39.0,10.0,-2.0,0
-3.0,-248.0,-11.0,-39.0,11.0,-2.0,0
0.0,-250.0,-11.0,-42.0,9.0,-2.0,0
0.0,-251.0,-14.0,-44.0,7.0,-2.0,0
0.0,-250.0,-11.0,-51.0,8.0,-2.0,0
0.0,-250.0,-14.0,-58.0,8.0,-1.0,0
2.0,-253.0,-13.0,-60.0,9.0,-2.0,0
0.0,-250.0,-12.0,-61.0,10.0,-3.0,0
1.0,-255.0,-13.0,-59.0,9.0,-5.0,0
2.0,-253.0,-11.0,-55.0,10.0,-4.0,0
1.0,-253.0,-14.0,-50.0,13.0,-5.0,0
-1.0,-254.0,-13.0,-45.0,12.0,-5.0,0
2.0,-254.0,-11.0,-40.0,13.0,-4.0,0
3.0,-254.0,-12.0,-36.0,13.0,-3.0,0
1.0,-252.0,-12.0,-31.0,10.0,-2.0,0
3.0,-256.0,-8.0,-28.0,10.0,-2.0,0
-3.0,-248.0,-14.0,-28.0,11.0,-3.0,0
2.0,-253.0,-16.0,-31.0,12.0,-3.0,0
-1.0,-253.0,-12.0,-33.0,13.0,-5.0,0
-2.0,-252.0,-18.0,-38.0,16.0,-6.0,0
1.0,-253.0,-14.0,-42.0,18.0,-6.0,0
3.0,-253.0,-10.0,-45.0,19.0,-6.0,0
-1.0,-252.0,-12.0,-47.0,22.0,-6.0,0
2.0,-253.0,-12.0,-46.0,21.0,-6.0,0
4.0,-252.0,-10.0,-46.0,22.0,-6.0,0
0.0,-253.0,-11.0,-43.0,21.0,-5.0,0
1.0,-255.0,-10.0,-41.0,21.0,-3.0,0
1.0,-255.0,-14.0,-40.0,20.0,-4.0,0
3.0,-254.0,-16.0,-37.0,21.0,-4.0,0
1.0,-251.0,-14.0,-40.0,21.0,-3.0,0
2.0,-255.0,-13.0,-39.0,22.0,-3.0,0
1.0,-250.0,-17.0,-38.0,21.0,-2.0,0
1.0,-255.0,-15.0,-37.0,20.0,-2.0,0
4.0,-255.0,-14.0,-34.0,19.0,-2.0,0
-1.0,-251.0,-11.0,-32.0,21.0,-1.0,0
3.0,-253.0,-16.0,-31.0,22.0,-1.0,0
-1.0,-251.0,-13.0,-30.0,23.0,-2.0,0
2.0,-261.0,-12.0,-31.0,23.0,-2.0,0
0.0,-253.0,-13.0,-32.0,23.0,-1.0,0
-1.0,-250.0,-11.0,-34.0,23.0,-1.0,0
1.0,-252.0,-10.0,-36.0,22.0,-1.0,0
-1.0,-249.0,-13.0,-39.0,23.0,-2.0,0
-1.0,-250.0,-12.0,-40.0,23.0,-2.0,0
-1.0,-250.0,-15.0,-40.0,23.0,-3.0,0
-2.0,-249.0,-13.0,-40.0,24.0,-2.0,0
0.0,-253.0,-16.0,-41.0,24.0,-4.0,0
-1.0,-251.0,-11.0,-43.0,23.0,-3.0,0
-3.0,-251.0,-17.0,-44.0,24.0,-5.0,0
-2.0,-254.0,-14.0,-45.0,24.0,-6.0,0
-1.0,-250.0,-11.0,-45.0,26.0,-5.0,0
3.0,-254.0,-9.0,-46.0,25.0,-5.0,0
1.0,-252.0,-14.0,-46.0,25.0,-5.0,0
2.0,-252.0,-12.0,-47.0,25.0,-7.0,0
0.0,-252.0,-15.0,-45.0,24.0,-5.0,0
2.0,-254.0,-12.0,-44.0,24.0,-6.0,0
2.0,-253.0,-16.0,-41.0,24.0,-6.0,0
1.0,-253.0,-13.0,-40.0,23.0,-7.0,0
-2.0,-251.0,-9.0,-41.0,22.0,-7.0,0
-7.0,-249.0,-23.0,-40.0,21.0,-7.0,0
3.0,-253.0,-12.0,-39.0,22.0,-5.0,0
1.0,-252.0,-14.0,-41.0,20.0,-6.0,0
0.0,-253.0,-12.0,-41.0,20.0,-5.0,0
1.0,-252.0,-12.0,-40.0,17.0,-3.0,0
2.0,-255.0,-16.0,-41.0,17.0,-3.0,0
3.0,-255.0,-12.0,-42.0,17.0,-3.0,0
-1.0,-251.0,-13.0,-42.0,16.0,-2.0,0
1.0,-255.0,-13.0,-44.0,15.0,-2.0,0
0.0,-254.0,-9.0,-44.0,15.0,-2.0,0
-2.0,-250.0,-11.0,-45.0,15.0,-2.0,0
3.0,-257.0,-8.0,-42.0,15.0,-1.0,0
1.0,-250.0,-10.0,-41.0,16.0,-1.0,0
0.0,-255.0,-13.0,-40.0,16.0,-2.0,0
2.0,-252.0,-11.0,-37.0,16.0,-2.0,0
1.0,-253.0,-11.0,-37.0,16.0,-3.0,0
0.0,-253.0,-14.0,-36.0,17.0,-3.0,0
2.0,-252.0,-12.0,-35.0,18.0,-3.0,0
-1.0,-252.0,-15.0,-37.0,17.0,-4.0,0
2.0,-253.0,-10.0,-38.0,19.0,-3.0,0
1.0,-254.0,-12.0,-38.0,19.0,-4.0,0
2.0,-253.0,-9.0,-37.0,19.0,-5.0,0
-8.0,-249.0,-14.0,-38.0,20.0,-5.0,0
-1.0,-251.0,-10.0,-39.0,22.0,-5.0,0
2.0,-252.0,-9.0,-39.0,21.0,-6.0,0
-1.0,-249.0,-8.0,-40.0,22.0,-6.0,0
2.0,-251.0,-8.0,-41.0,22.0,-6.0,0
3.0,-252.0,-13.0,-40.0,22.0,-6.0,0
1.0,-250.0,-13.0,-43.0,22.0,-7.0,0
1.0,-250.0,-9.0,-43.0,22.0,-5.0,0
1.0,-249.0,-13.0,-45.0,22.0,-5.0,0
0.0,-255.0,-10.0,-45.0,21.0,-6.0,0
0.0,-251.0,-7.0,-47.0,22.0,-6.0,0
-2.0,-248.0,-8.0,-46.0,23.0,-5.0,0
2.0,-252.0,-12.0,-47.0,23.0,-6.0,0
1.0,-251.0,-10.0,-46.0,23.0,-5.0,0
2.0,-250.0,-12.0,-45.0,22.0,-5.0,0
1.0,-252.0,-10.0,-46.0,24.0,-6.0,0
0.0,-252.0,-12.0,-48.0,25.0,-7.0,0
0.0,-251.0,-9.0,-50.0,25.0,-7.0,0
-3.0,-251.0,-12.0,-53.0,27.0,-7.0,0
0.0,-250.0,-12.0,-56.0,28.0,-7.0,0
3.0,-251.0,-14.0,-60.0,30.0,-7.0,0
-1.0,-253.0,-7.0,-65.0,27.0,-7.0,0
-5.0,-259.0,-13.0,-67.0,29.0,-6.0,0
-3.0,-254.0,-12.0,-68.0,29.0,-8.0,0
0.0,-253.0,-11.0,-71.0,30.0,-7.0,0
0.0,-254.0,-8.0,-74.0,28.0,-6.0,0
1.0,-255.0,-12.0,-75.0,30.0,-5.0,0
-1.0,-253.0,-9.0,-72.0,29.0,-5.0,0
-2.0,-252.0,-13.0,-68.0,29.0,-5.0,0
0.0,-256.0,-7.0,-62.0,29.0,-6.0,0
-1.0,-255.0,-10.0,-57.0,30.0,-10.0,0
2.0,-254.0,-13.0,-53.0,31.0,-9.0,0
1.0,-255.0,-12.0,-47.0,31.0,-8.0,0
1.0,-253.0,-13.0,-45.0,33.0,-8.0,0
-1.0,-252.0,-14.0,-41.0,32.0,-7.0,0
-1.0,-252.0,-10.0,-39.0,33.0,-7.0,0
0.0,-251.0,-13.0,-38.0,34.0,-7.0,0
1.0,-254.0,-9.0,-36.0,34.0,-6.0,0
0.0,-253.0,-12.0,-37.0,34.0,-8.0,0
-1.0,-252.0,-11.0,-38.0,34.0,-6.0,0
0.0,-252.0,-13.0,-40.0,35.0,-6.0,0
0.0,-252.0,-10.0,-39.0,36.0,-5.0,0
-2.0,-253.0,-11.0,-40.0,35.0,-5.0,0
-2.0,-251.0,-13.0,-39.0,34.0,-6.0,0
3.0,-257.0,-3.0,-34.0,32.0,-5.0,0
0.0,-253.0,-12.0,-32.0,33.0,-3.0,0
-1.0,-252.0,-11.0,-30.0,31.0,-2.0,0
1.0,-251.0,-11.0,-30.0,30.0,-2.0,0
1.0,-253.0,-11.0,-33.0,30.0,-2.0,0
-2.0,-249.0,-12.0,-34.0,28.0,-1.0,0
1.0,-250.0,-14.0,-37.0,28.0,-2.0,0
-2.0,-251.0,-12.0,-37.0,27.0,1.0,0
-1.0,-249.0,-11.0,-40.0,28.0,0.0,0
-4.0,-249.0,-10.0,-41.0,28.0,0.0,0
0.0,-251.0,-8.0,-44.0,27.0,-1.0,0
0.0,-249.0,-10.0,-43.0,28.0,-2.0,0
-2.0,-250.0,-14.0,-43.0,28.0,-2.0,0
-1.0,-253.0,-12.0,-42.0,26.0,-3.0,0
-2.0,-252.0,-10.0,-39.0,26.0,-1.0,0
0.0,-252.0,-14.0,-37.0,25.0,-2.0,0
